Folder_Name,Benchmark,Model,batch_size,bits_per_byte,bleu_1,bleu_4,cider,exact_match,f1_score,finish_reason_endoftext,finish_reason_length,finish_reason_stop,finish_reason_unknown,inference_runtime,logprob,logprob_per_byte,max_prob,num_bytes,num_completion_tokens,num_instances,num_output_tokens,num_perplexity_tokens,num_prompt_tokens,num_references,num_train_instances,num_train_trials,perplexity,prefix_exact_match,prompt_truncated,quasi_exact_match,quasi_leave_articles_exact_match,quasi_prefix_exact_match,rouge_l,training_co2_cost,training_energy_cost
hateful_memes:model=Fancy-MLLM_R1-Onevision-7B,hateful_memes,Fancy-MLLM_R1-Onevision-7B,1.0,0.0,,,,0.6420765027322405,,0.0,0.0,1.0,0.0,9.01189444951021,0.0,0.0,1.0,5.8497267759562845,2.0833333333333335,732.0,2.0833333333333335,2.0833333333333335,41.0,2.0,0.0,1.0,1.0,0.6420765027322405,0.0,0.6420765027322405,,0.6420765027322405,,,
hateful_memes:model=FanqingM_MM-Eureka-Qwen-7B,hateful_memes,FanqingM_MM-Eureka-Qwen-7B,1.0,0.0,,,,0.610655737704918,,0.0,0.0,1.0,0.0,0.5985920709338995,0.0,0.0,1.0,1.0,1.0,732.0,1.0,1.0,41.0,2.0,0.0,1.0,1.0,0.610655737704918,0.0,0.610655737704918,,0.610655737704918,,,
hateful_memes:model=Foreshhh_Qwen2-VL-7B-SafeRLHF,hateful_memes,Foreshhh_Qwen2-VL-7B-SafeRLHF,1.0,0.0,,,,0.6420765027322405,,0.0,0.0,1.0,0.0,0.6472772561787256,0.0,0.0,1.0,1.0,1.0,732.0,1.0,1.0,41.0,2.0,0.0,1.0,1.0,0.6420765027322405,0.0,0.6420765027322405,,0.6420765027322405,,,
hateful_memes:model=Foreshhh_Qwen2-VL-7B-VLGuard,hateful_memes,Foreshhh_Qwen2-VL-7B-VLGuard,1.0,0.0,,,,0.6516393442622951,,0.0,0.0,1.0,0.0,0.6365163857168187,0.0,0.0,1.0,1.3565573770491803,1.1461748633879782,732.0,1.1461748633879782,1.1461748633879782,41.0,2.0,0.0,1.0,1.0,0.6516393442622951,0.0,0.6516393442622951,,0.6516393442622951,,,
hateful_memes:model=Osilly_Vision-R1-7B,hateful_memes,Osilly_Vision-R1-7B,1.0,0.0,,,,0.6325136612021858,,0.0,0.04644808743169399,0.953551912568306,0.0,6.477676819582454,0.0,0.0,1.0,0.953551912568306,0.953551912568306,732.0,0.953551912568306,0.953551912568306,41.0,2.0,0.0,1.0,1.0,0.6325136612021858,0.0,0.6325136612021858,,0.6325136612021858,,,
hateful_memes:model=Qwen_Qwen2-VL-2B-Instruct,hateful_memes,Qwen_Qwen2-VL-2B-Instruct,1.0,0.0,,,,0.40027322404371585,,0.0,0.0,1.0,0.0,0.416633893557585,0.0,0.0,1.0,2.0669398907103824,2.0136612021857925,732.0,2.0136612021857925,2.0136612021857925,41.0,2.0,0.0,1.0,1.0,0.40027322404371585,0.0,0.40027322404371585,,0.40027322404371585,,,
hateful_memes:model=Qwen_Qwen2-VL-7B-Instruct,hateful_memes,Qwen_Qwen2-VL-7B-Instruct,1.0,0.0,,,,0.6366120218579235,,0.0,0.0,1.0,0.0,0.6318748280650279,0.0,0.0,1.0,1.0,1.0,732.0,1.0,1.0,41.0,2.0,0.0,1.0,1.0,0.6366120218579235,0.0,0.6366120218579235,,0.6366120218579235,,,
hateful_memes:model=Qwen_Qwen2.5-VL-7B-Instruct,hateful_memes,Qwen_Qwen2.5-VL-7B-Instruct,1.0,0.0,,,,0.6366120218579235,,0.0,0.0,1.0,0.0,0.6063795500114316,0.0,0.0,1.0,1.0,1.0,732.0,1.0,1.0,41.0,2.0,0.0,1.0,1.0,0.6366120218579235,0.0,0.6366120218579235,,0.6366120218579235,,,
hateful_memes:model=WaltonFuture_Qwen2.5VL-7b-RLCS,hateful_memes,WaltonFuture_Qwen2.5VL-7b-RLCS,1.0,0.0,,,,0.226775956284153,,0.0,0.0,1.0,0.0,6.350403723169546,0.0,0.0,1.0,1267.2513661202186,236.5806010928962,732.0,236.5806010928962,236.5806010928962,41.0,2.0,0.0,1.0,1.0,0.226775956284153,0.0,0.226775956284153,,0.226775956284153,,,
hateful_memes:model=cemoss17_vision-grpo-qwen-2.5-vl-7b,hateful_memes,cemoss17_vision-grpo-qwen-2.5-vl-7b,1.0,0.0,,,,0.6461748633879781,,0.0,0.0,1.0,0.0,0.6048899055178699,0.0,0.0,1.0,1.0,1.0,732.0,1.0,1.0,41.0,2.0,0.0,1.0,1.0,0.6461748633879781,0.0,0.6461748633879781,,0.6461748633879781,,,
hateful_memes:model=lmms-lab_LLaVA-Critic-R1-7B,hateful_memes,lmms-lab_LLaVA-Critic-R1-7B,1.0,0.0,,,,0.6243169398907104,,0.0,0.0,1.0,0.0,0.5978079555464573,0.0,0.0,1.0,1.0,1.0,732.0,1.0,1.0,41.0,2.0,0.0,1.0,1.0,0.6243169398907104,0.0,0.6243169398907104,,0.6243169398907104,,,
hateful_memes:model=lmms-lab_LLaVA-Critic-R1-7B-Plus-Qwen,hateful_memes,lmms-lab_LLaVA-Critic-R1-7B-Plus-Qwen,1.0,0.0,,,,0.644808743169399,,0.0,0.0,1.0,0.0,0.5991337556656593,0.0,0.0,1.0,1.0,1.0,732.0,1.0,1.0,41.0,2.0,0.0,1.0,1.0,0.644808743169399,0.0,0.644808743169399,,0.644808743169399,,,
hateful_memes:model=lmms-lab_Qwen2-VL-2B-GRPO-8k,hateful_memes,lmms-lab_Qwen2-VL-2B-GRPO-8k,1.0,0.0,,,,0.4030054644808743,,0.0,0.0,1.0,0.0,0.4179065250308136,0.0,0.0,1.0,2.1024590163934427,2.0204918032786887,732.0,2.0204918032786887,2.0204918032786887,41.0,2.0,0.0,1.0,1.0,0.4030054644808743,0.0,0.4030054644808743,,0.4030054644808743,,,
hateful_memes:model=lmms-lab_Qwen2-VL-7B-GRPO-8k,hateful_memes,lmms-lab_Qwen2-VL-7B-GRPO-8k,1.0,0.0,,,,0.6325136612021858,,0.0,0.0,1.0,0.0,0.6189418536066358,0.0,0.0,1.0,1.0,1.0,732.0,1.0,1.0,41.0,2.0,0.0,1.0,1.0,0.6325136612021858,0.0,0.6325136612021858,,0.6325136612021858,,,
"math_vista:grade=high_school,question_type=multi_choice,model=Fancy-MLLM_R1-Onevision-7B",math_vista,Fancy-MLLM_R1-Onevision-7B,1.0,0.0,,,,0.5163636363636364,,0.0,0.07272727272727272,0.9272727272727272,0.0,24.439801616668703,0.0,0.0,1.0,92.08727272727273,21.367272727272727,275.0,21.367272727272727,21.367272727272727,88.26181818181819,4.0,0.0,1.0,1.0,0.5163636363636364,0.0,0.5163636363636364,,0.5163636363636364,,,
"math_vista:grade=daily_life,question_type=multi_choice,model=Fancy-MLLM_R1-Onevision-7B",math_vista,Fancy-MLLM_R1-Onevision-7B,1.0,0.0,,,,0.625,,0.0,0.0,1.0,0.0,10.898887640237808,0.0,0.0,1.0,13.99375,3.8125,160.0,3.8125,3.8125,51.2,2.16875,0.0,1.0,1.0,0.625,0.0,0.625,,0.625,,,
"math_vista:grade=elementary_school,question_type=multi_choice,model=Fancy-MLLM_R1-Onevision-7B",math_vista,Fancy-MLLM_R1-Onevision-7B,1.0,0.0,,,,0.34,,0.0,0.04,0.96,0.0,18.501921558380126,0.0,0.0,1.0,28.44,6.46,50.0,6.46,6.46,69.76,4.28,0.0,1.0,1.0,0.46,0.0,0.34,,0.5,,,
"math_vista:grade=elementary_school,question_type=multi_choice,model=FanqingM_MM-Eureka-Qwen-7B",math_vista,FanqingM_MM-Eureka-Qwen-7B,1.0,0.0,,,,0.48,,0.0,0.0,1.0,0.0,0.3829981565475464,0.0,0.0,1.0,1.0,1.0,50.0,1.0,1.0,69.76,4.28,0.0,1.0,1.0,0.5,0.0,0.48,,0.56,,,
"math_vista:grade=daily_life,question_type=multi_choice,model=FanqingM_MM-Eureka-Qwen-7B",math_vista,FanqingM_MM-Eureka-Qwen-7B,1.0,0.0,,,,0.7,,0.0,0.0,1.0,0.0,0.6324833825230598,0.0,0.0,1.0,1.25,1.25,160.0,1.25,1.25,51.2,2.16875,0.0,1.0,1.0,0.7,0.0,0.7,,0.7,,,
"math_vista:grade=high_school,question_type=multi_choice,model=FanqingM_MM-Eureka-Qwen-7B",math_vista,FanqingM_MM-Eureka-Qwen-7B,1.0,0.0,,,,0.7018181818181818,,0.0,0.0,1.0,0.0,0.3422608809037642,0.0,0.0,1.0,1.0036363636363637,1.0036363636363637,275.0,1.0036363636363637,1.0036363636363637,88.26181818181819,4.0,0.0,1.0,1.0,0.7054545454545454,0.0,0.7018181818181818,,0.7054545454545454,,,
"math_vista:grade=elementary_school,question_type=multi_choice,model=Foreshhh_Qwen2-VL-7B-SafeRLHF",math_vista,Foreshhh_Qwen2-VL-7B-SafeRLHF,1.0,0.0,,,,0.4,,0.0,0.0,1.0,0.0,0.4933107328414917,0.0,0.0,1.0,1.0,1.0,50.0,1.0,1.0,69.76,4.28,0.0,1.0,1.0,0.46,0.0,0.4,,0.54,,,
"math_vista:grade=high_school,question_type=multi_choice,model=Foreshhh_Qwen2-VL-7B-SafeRLHF",math_vista,Foreshhh_Qwen2-VL-7B-SafeRLHF,1.0,0.0,,,,0.5745454545454546,,0.0,0.0,1.0,0.0,0.39603603276339444,0.0,0.0,1.0,1.0,1.0,275.0,1.0,1.0,88.26181818181819,4.0,0.0,1.0,1.0,0.5781818181818181,0.0,0.5781818181818181,,0.5818181818181818,,,
"math_vista:grade=daily_life,question_type=multi_choice,model=Foreshhh_Qwen2-VL-7B-SafeRLHF",math_vista,Foreshhh_Qwen2-VL-7B-SafeRLHF,1.0,0.0,,,,0.65625,,0.0,0.0,1.0,0.0,1.1196533650159837,0.0,0.0,1.0,1.0,1.0,160.0,1.0,1.0,51.2,2.16875,0.0,1.0,1.0,0.65625,0.0,0.65625,,0.65625,,,
"math_vista:grade=elementary_school,question_type=multi_choice,model=Foreshhh_Qwen2-VL-7B-VLGuard",math_vista,Foreshhh_Qwen2-VL-7B-VLGuard,1.0,0.0,,,,0.46,,0.0,0.0,1.0,0.0,0.5028149223327637,0.0,0.0,1.0,1.1,1.1,50.0,1.1,1.1,69.76,4.28,0.0,1.0,1.0,0.56,0.0,0.46,,0.64,,,
"math_vista:grade=high_school,question_type=multi_choice,model=Foreshhh_Qwen2-VL-7B-VLGuard",math_vista,Foreshhh_Qwen2-VL-7B-VLGuard,1.0,0.0,,,,0.5054545454545455,,0.0,0.0,1.0,0.0,0.396634633324363,0.0,0.0,1.0,1.0618181818181818,1.04,275.0,1.04,1.04,88.26181818181819,4.0,0.0,1.0,1.0,0.509090909090909,0.0,0.5054545454545455,,0.509090909090909,,,
"math_vista:grade=daily_life,question_type=multi_choice,model=Foreshhh_Qwen2-VL-7B-VLGuard",math_vista,Foreshhh_Qwen2-VL-7B-VLGuard,1.0,0.0,,,,0.625,,0.0,0.0,1.0,0.0,1.105724185705185,0.0,0.0,1.0,1.35,1.33125,160.0,1.33125,1.33125,51.2,2.16875,0.0,1.0,1.0,0.625,0.0,0.625,,0.625,,,
"math_vista:grade=high_school,question_type=multi_choice,model=Osilly_Vision-R1-7B",math_vista,Osilly_Vision-R1-7B,1.0,0.0,,,,0.7454545454545455,,0.0,0.1709090909090909,0.8290909090909091,0.0,40.44474919232455,0.0,0.0,1.0,0.8290909090909091,0.8290909090909091,275.0,0.8290909090909091,0.8290909090909091,88.26181818181819,4.0,0.0,1.0,1.0,0.7454545454545455,0.0,0.7454545454545455,,0.7454545454545455,,,
"math_vista:grade=elementary_school,question_type=multi_choice,model=Osilly_Vision-R1-7B",math_vista,Osilly_Vision-R1-7B,1.0,0.0,,,,0.48,,0.0,0.12,0.88,0.0,21.36397909641266,0.0,0.0,1.0,0.88,0.88,50.0,0.88,0.88,69.76,4.28,0.0,1.0,1.0,0.62,0.0,0.48,,0.68,,,
"math_vista:grade=daily_life,question_type=multi_choice,model=Osilly_Vision-R1-7B",math_vista,Osilly_Vision-R1-7B,1.0,0.0,,,,0.75625,,0.0,0.0125,0.9875,0.0,7.381016470491886,0.0,0.0,1.0,0.9875,0.9875,160.0,0.9875,0.9875,51.2,2.16875,0.0,1.0,1.0,0.75625,0.0,0.75625,,0.75625,,,
"math_vista:grade=high_school,question_type=multi_choice,model=Qwen_Qwen2-VL-2B-Instruct",math_vista,Qwen_Qwen2-VL-2B-Instruct,1.0,0.0,,,,0.3709090909090909,,0.0,0.0,1.0,0.0,0.2875720266862349,0.0,0.0,1.0,1.6872727272727273,1.1963636363636363,275.0,1.1963636363636363,1.1963636363636363,88.26181818181819,4.0,0.0,1.0,1.0,0.37454545454545457,0.0,0.3709090909090909,,0.37454545454545457,,,
"math_vista:grade=elementary_school,question_type=multi_choice,model=Qwen_Qwen2-VL-2B-Instruct",math_vista,Qwen_Qwen2-VL-2B-Instruct,1.0,0.0,,,,0.24,,0.0,0.0,1.0,0.0,0.35502567768096926,0.0,0.0,1.0,1.06,1.06,50.0,1.06,1.06,69.76,4.28,0.0,1.0,1.0,0.38,0.0,0.24,,0.46,,,
"math_vista:grade=daily_life,question_type=multi_choice,model=Qwen_Qwen2-VL-2B-Instruct",math_vista,Qwen_Qwen2-VL-2B-Instruct,1.0,0.0,,,,0.46875,,0.0,0.0,1.0,0.0,0.7936673909425735,0.0,0.0,1.0,2.025,1.85625,160.0,1.85625,1.85625,51.2,2.16875,0.0,1.0,1.0,0.46875,0.0,0.46875,,0.46875,,,
"math_vista:grade=high_school,question_type=multi_choice,model=Qwen_Qwen2-VL-7B-Instruct",math_vista,Qwen_Qwen2-VL-7B-Instruct,1.0,0.0,,,,0.5818181818181818,,0.0,0.0,1.0,0.0,0.4077389795129949,0.0,0.0,1.0,1.0,1.0,275.0,1.0,1.0,88.26181818181819,4.0,0.0,1.0,1.0,0.5854545454545454,0.0,0.5818181818181818,,0.5854545454545454,,,
"math_vista:grade=daily_life,question_type=multi_choice,model=Qwen_Qwen2-VL-7B-Instruct",math_vista,Qwen_Qwen2-VL-7B-Instruct,1.0,0.0,,,,0.66875,,0.0,0.0,1.0,0.0,1.1037702322006226,0.0,0.0,1.0,1.18125,1.1625,160.0,1.1625,1.1625,51.2,2.16875,0.0,1.0,1.0,0.66875,0.0,0.66875,,0.66875,,,
"math_vista:grade=elementary_school,question_type=multi_choice,model=Qwen_Qwen2-VL-7B-Instruct",math_vista,Qwen_Qwen2-VL-7B-Instruct,1.0,0.0,,,,0.44,,0.0,0.0,1.0,0.0,0.5337258243560791,0.0,0.0,1.0,1.02,1.02,50.0,1.02,1.02,69.76,4.28,0.0,1.0,1.0,0.52,0.0,0.44,,0.6,,,
"math_vista:grade=elementary_school,question_type=multi_choice,model=Qwen_Qwen2.5-VL-7B-Instruct",math_vista,Qwen_Qwen2.5-VL-7B-Instruct,1.0,0.0,,,,0.48,,0.0,0.0,1.0,0.0,0.4733129835128784,0.0,0.0,1.0,1.0,1.0,50.0,1.0,1.0,69.76,4.28,0.0,1.0,1.0,0.52,0.0,0.48,,0.6,,,
"math_vista:grade=high_school,question_type=multi_choice,model=Qwen_Qwen2.5-VL-7B-Instruct",math_vista,Qwen_Qwen2.5-VL-7B-Instruct,1.0,0.0,,,,0.6945454545454546,,0.0,0.0,1.0,0.0,0.38176418217745695,0.0,0.0,1.0,1.0,1.0,275.0,1.0,1.0,88.26181818181819,4.0,0.0,1.0,1.0,0.6945454545454546,0.0,0.6945454545454546,,0.6945454545454546,,,
"math_vista:grade=daily_life,question_type=multi_choice,model=Qwen_Qwen2.5-VL-7B-Instruct",math_vista,Qwen_Qwen2.5-VL-7B-Instruct,1.0,0.0,,,,0.7,,0.0,0.0,1.0,0.0,0.8290647596120835,0.0,0.0,1.0,1.0,1.0,160.0,1.0,1.0,51.2,2.16875,0.0,1.0,1.0,0.7,0.0,0.7,,0.7,,,
"math_vista:grade=high_school,question_type=multi_choice,model=WaltonFuture_Qwen2.5VL-7b-RLCS",math_vista,WaltonFuture_Qwen2.5VL-7b-RLCS,1.0,0.0,,,,0.24,,0.0,0.06181818181818182,0.9345454545454546,0.0036363636363636364,18.529506225585937,0.0,0.0,1.0,2358.9236363636364,568.2618181818182,275.0,568.2618181818182,568.2618181818182,88.26181818181819,4.0,0.0,1.0,1.0,0.24363636363636362,0.0,0.24,,0.24363636363636362,,,
"math_vista:grade=elementary_school,question_type=multi_choice,model=WaltonFuture_Qwen2.5VL-7b-RLCS",math_vista,WaltonFuture_Qwen2.5VL-7b-RLCS,1.0,0.0,,,,0.26,,0.0,0.02,0.98,0.0,12.229464411735535,0.0,0.0,1.0,1653.46,366.56,50.0,366.56,366.56,69.76,4.28,0.0,1.0,1.0,0.36,0.0,0.26,,0.36,,,
"math_vista:grade=daily_life,question_type=multi_choice,model=WaltonFuture_Qwen2.5VL-7b-RLCS",math_vista,WaltonFuture_Qwen2.5VL-7b-RLCS,1.0,0.0,,,,0.13125,,0.0,0.0,1.0,0.0,7.004070660471916,0.0,0.0,1.0,1258.1125,257.09375,160.0,257.09375,257.09375,51.2,2.16875,0.0,1.0,1.0,0.13125,0.0,0.13125,,0.13125,,,
"math_vista:grade=elementary_school,question_type=multi_choice,model=cemoss17_vision-grpo-qwen-2.5-vl-7b",math_vista,cemoss17_vision-grpo-qwen-2.5-vl-7b,1.0,0.0,,,,0.48,,0.0,0.0,1.0,0.0,0.48098411560058596,0.0,0.0,1.0,1.0,1.0,50.0,1.0,1.0,69.76,4.28,0.0,1.0,1.0,0.58,0.0,0.48,,0.66,,,
"math_vista:grade=daily_life,question_type=multi_choice,model=cemoss17_vision-grpo-qwen-2.5-vl-7b",math_vista,cemoss17_vision-grpo-qwen-2.5-vl-7b,1.0,0.0,,,,0.6625,,0.0,0.0,1.0,0.0,0.8212856233119965,0.0,0.0,1.0,1.0,1.0,160.0,1.0,1.0,51.2,2.16875,0.0,1.0,1.0,0.6625,0.0,0.6625,,0.6625,,,
"math_vista:grade=high_school,question_type=multi_choice,model=cemoss17_vision-grpo-qwen-2.5-vl-7b",math_vista,cemoss17_vision-grpo-qwen-2.5-vl-7b,1.0,0.0,,,,0.7018181818181818,,0.0,0.0,1.0,0.0,0.394921293258667,0.0,0.0,1.0,1.0,1.0,275.0,1.0,1.0,88.26181818181819,4.0,0.0,1.0,1.0,0.7054545454545454,0.0,0.7018181818181818,,0.7054545454545454,,,
"math_vista:grade=elementary_school,question_type=multi_choice,model=lmms-lab_LLaVA-Critic-R1-7B",math_vista,lmms-lab_LLaVA-Critic-R1-7B,1.0,0.0,,,,0.46,,0.0,0.0,1.0,0.0,0.4851050662994385,0.0,0.0,1.0,1.0,1.0,50.0,1.0,1.0,69.76,4.28,0.0,1.0,1.0,0.54,0.0,0.46,,0.6,,,
"math_vista:grade=daily_life,question_type=multi_choice,model=lmms-lab_LLaVA-Critic-R1-7B",math_vista,lmms-lab_LLaVA-Critic-R1-7B,1.0,0.0,,,,0.68125,,0.0,0.0,1.0,0.0,0.8288014829158783,0.0,0.0,1.0,1.0,1.0,160.0,1.0,1.0,51.2,2.16875,0.0,1.0,1.0,0.68125,0.0,0.68125,,0.68125,,,
"math_vista:grade=high_school,question_type=multi_choice,model=lmms-lab_LLaVA-Critic-R1-7B",math_vista,lmms-lab_LLaVA-Critic-R1-7B,1.0,0.0,,,,0.7054545454545454,,0.0,0.0,1.0,0.0,0.3895107538049871,0.0,0.0,1.0,1.0,1.0,275.0,1.0,1.0,88.26181818181819,4.0,0.0,1.0,1.0,0.7090909090909091,0.0,0.7054545454545454,,0.7090909090909091,,,
"math_vista:grade=elementary_school,question_type=multi_choice,model=lmms-lab_LLaVA-Critic-R1-7B-Plus-Qwen",math_vista,lmms-lab_LLaVA-Critic-R1-7B-Plus-Qwen,1.0,0.0,,,,0.52,,0.0,0.0,1.0,0.0,0.482679557800293,0.0,0.0,1.0,1.0,1.0,50.0,1.0,1.0,69.76,4.28,0.0,1.0,1.0,0.52,0.0,0.52,,0.6,,,
"math_vista:grade=high_school,question_type=multi_choice,model=lmms-lab_LLaVA-Critic-R1-7B-Plus-Qwen",math_vista,lmms-lab_LLaVA-Critic-R1-7B-Plus-Qwen,1.0,0.0,,,,0.7054545454545454,,0.0,0.0,1.0,0.0,0.39111296220259234,0.0,0.0,1.0,1.0,1.0,275.0,1.0,1.0,88.26181818181819,4.0,0.0,1.0,1.0,0.7054545454545454,0.0,0.7054545454545454,,0.7054545454545454,,,
"math_vista:grade=daily_life,question_type=multi_choice,model=lmms-lab_LLaVA-Critic-R1-7B-Plus-Qwen",math_vista,lmms-lab_LLaVA-Critic-R1-7B-Plus-Qwen,1.0,0.0,,,,0.69375,,0.0,0.0,1.0,0.0,0.8284372746944427,0.0,0.0,1.0,1.0,1.0,160.0,1.0,1.0,51.2,2.16875,0.0,1.0,1.0,0.69375,0.0,0.69375,,0.69375,,,
"math_vista:grade=daily_life,question_type=multi_choice,model=lmms-lab_Qwen2-VL-2B-GRPO-8k",math_vista,lmms-lab_Qwen2-VL-2B-GRPO-8k,1.0,0.0,,,,0.48125,,0.0,0.0,1.0,0.0,0.5183916822075844,0.0,0.0,1.0,2.125,1.91875,160.0,1.91875,1.91875,51.2,2.16875,0.0,1.0,1.0,0.48125,0.0,0.48125,,0.48125,,,
"math_vista:grade=elementary_school,question_type=multi_choice,model=lmms-lab_Qwen2-VL-2B-GRPO-8k",math_vista,lmms-lab_Qwen2-VL-2B-GRPO-8k,1.0,0.0,,,,0.24,,0.0,0.0,1.0,0.0,0.3518433141708374,0.0,0.0,1.0,1.26,1.08,50.0,1.08,1.08,69.76,4.28,0.0,1.0,1.0,0.38,0.0,0.24,,0.46,,,
"math_vista:grade=high_school,question_type=multi_choice,model=lmms-lab_Qwen2-VL-2B-GRPO-8k",math_vista,lmms-lab_Qwen2-VL-2B-GRPO-8k,1.0,0.0,,,,0.36363636363636365,,0.0,0.0,1.0,0.0,0.292956242127852,0.0,0.0,1.0,1.9454545454545455,1.2618181818181817,275.0,1.2618181818181817,1.2618181818181817,88.26181818181819,4.0,0.0,1.0,1.0,0.36727272727272725,0.0,0.36727272727272725,,0.3709090909090909,,,
"math_vista:grade=elementary_school,question_type=multi_choice,model=lmms-lab_Qwen2-VL-7B-GRPO-8k",math_vista,lmms-lab_Qwen2-VL-7B-GRPO-8k,1.0,0.0,,,,0.46,,0.0,0.0,1.0,0.0,0.5128204488754272,0.0,0.0,1.0,1.0,1.0,50.0,1.0,1.0,69.76,4.28,0.0,1.0,1.0,0.54,0.0,0.46,,0.62,,,
"math_vista:grade=daily_life,question_type=multi_choice,model=lmms-lab_Qwen2-VL-7B-GRPO-8k",math_vista,lmms-lab_Qwen2-VL-7B-GRPO-8k,1.0,0.0,,,,0.66875,,0.0,0.0,1.0,0.0,0.7689105600118638,0.0,0.0,1.0,1.05625,1.05625,160.0,1.05625,1.05625,51.2,2.16875,0.0,1.0,1.0,0.66875,0.0,0.66875,,0.66875,,,
"math_vista:grade=high_school,question_type=multi_choice,model=lmms-lab_Qwen2-VL-7B-GRPO-8k",math_vista,lmms-lab_Qwen2-VL-7B-GRPO-8k,1.0,0.0,,,,0.5454545454545454,,0.0,0.0,1.0,0.0,0.40248878132213245,0.0,0.0,1.0,1.0,1.0,275.0,1.0,1.0,88.26181818181819,4.0,0.0,1.0,1.0,0.5490909090909091,0.0,0.5454545454545454,,0.5490909090909091,,,
"mm_star:category=instance_reasoning,model=Fancy-MLLM_R1-Onevision-7B",mm_star:category=instance_reasoning,Fancy-MLLM_R1-Onevision-7B,1.0,0.0,0.59047185914667,1.4418478603127073e-308,0.0,0.588,0.44541621621621624,0.0,0.016,0.984,0.0,12.739494276046752,0.0,0.0,1.0,13.264,3.252,250.0,3.252,3.252,66.7,1.0,0.0,1.0,1.0,0.588,0.0,0.588,0.588,0.716,0.593364493453885,,
"mm_star:category=instance_reasoning,model=FanqingM_MM-Eureka-Qwen-7B",mm_star:category=instance_reasoning,FanqingM_MM-Eureka-Qwen-7B,1.0,0.0,0.716,1.593152882691201e-308,0.0,0.716,0.552,0.0,0.0,0.0,1.0,0.44328737258911133,0.0,0.0,1.0,1.0,1.0,250.0,1.0,1.0,66.7,1.0,0.0,1.0,1.0,0.716,0.0,0.716,0.716,0.836,0.716,,
"mm_star:category=instance_reasoning,model=Foreshhh_Qwen2-VL-7B-SafeRLHF",mm_star:category=instance_reasoning,Foreshhh_Qwen2-VL-7B-SafeRLHF,1.0,0.0,0.624,1.388446087708533e-308,0.0,0.624,0.528,0.0,0.0,0.0,1.0,0.5791104869842529,0.0,0.0,1.0,1.0,1.0,250.0,1.0,1.0,66.7,1.0,0.0,1.0,1.0,0.624,0.0,0.624,0.624,0.812,0.624,,
"mm_star:category=instance_reasoning,model=Foreshhh_Qwen2-VL-7B-VLGuard",mm_star:category=instance_reasoning,Foreshhh_Qwen2-VL-7B-VLGuard,1.0,0.0,0.584,1.2994431333682423e-308,0.0,0.584,0.468,0.0,0.0,0.0,1.0,0.6572774066925049,0.0,0.0,1.0,17.668,3.48,250.0,3.48,3.48,66.7,1.0,0.0,1.0,1.0,0.584,0.0,0.584,0.584,0.752,0.584,,
"mm_star:category=instance_reasoning,model=Osilly_Vision-R1-7B",mm_star:category=instance_reasoning,Osilly_Vision-R1-7B,1.0,0.0,0.636,1.41514697401062e-308,0.0,0.636,0.436,0.0,0.1,0.9,0.0,21.205287051200866,0.0,0.0,1.0,0.9,0.9,250.0,0.9,0.9,66.7,1.0,0.0,1.0,1.0,0.636,0.0,0.636,0.636,0.68,0.636,,
"mm_star:category=instance_reasoning,model=Qwen_Qwen2-VL-2B-Instruct",mm_star:category=instance_reasoning,Qwen_Qwen2-VL-2B-Instruct,1.0,0.0,0.512,1.139237815555719e-308,0.0,0.512,0.404,0.0,0.0,0.0,1.0,0.36773218631744387,0.0,0.0,1.0,1.0,1.0,250.0,1.0,1.0,66.7,1.0,0.0,1.0,1.0,0.512,0.0,0.512,0.512,0.688,0.512,,
"mm_star:category=instance_reasoning,model=Qwen_Qwen2-VL-7B-Instruct",mm_star:category=instance_reasoning,Qwen_Qwen2-VL-7B-Instruct,1.0,0.0,0.644,1.432947564878678e-308,0.0,0.644,0.484,0.0,0.0,0.0,1.0,0.567520016670227,0.0,0.0,1.0,1.0,1.0,250.0,1.0,1.0,66.7,1.0,0.0,1.0,1.0,0.644,0.0,0.644,0.644,0.768,0.644,,
"mm_star:category=instance_reasoning,model=Qwen_Qwen2.5-VL-7B-Instruct",mm_star:category=instance_reasoning,Qwen_Qwen2.5-VL-7B-Instruct,1.0,0.0,0.696,1.548651405521056e-308,0.0,0.696,0.552,0.0,0.0,0.0,1.0,0.502536865234375,0.0,0.0,1.0,1.0,1.0,250.0,1.0,1.0,66.7,1.0,0.0,1.0,1.0,0.696,0.0,0.696,0.696,0.836,0.696,,
"mm_star:category=instance_reasoning,model=WaltonFuture_Qwen2.5VL-7b-RLCS",mm_star:category=instance_reasoning,WaltonFuture_Qwen2.5VL-7b-RLCS,1.0,0.0,0.0,0.0,0.0,0.0,0.0,0.0,0.0,0.0,1.0,0.8921604375839234,0.0,0.0,1.0,121.344,21.164,250.0,21.164,21.164,66.7,1.0,0.0,1.0,1.0,0.0,0.0,0.0,0.0,0.284,0.0022139574109213576,,
"mm_star:category=instance_reasoning,model=cemoss17_vision-grpo-qwen-2.5-vl-7b",mm_star:category=instance_reasoning,cemoss17_vision-grpo-qwen-2.5-vl-7b,1.0,0.0,0.692,1.5397511100870267e-308,0.0,0.692,0.512,0.0,0.0,0.0,1.0,0.5046640596389771,0.0,0.0,1.0,1.0,1.0,250.0,1.0,1.0,66.7,1.0,0.0,1.0,1.0,0.692,0.0,0.692,0.692,0.796,0.692,,
"mm_star:category=instance_reasoning,model=lmms-lab_LLaVA-Critic-R1-7B",mm_star:category=instance_reasoning,lmms-lab_LLaVA-Critic-R1-7B,1.0,0.0,0.708,1.575352291823143e-308,0.0,0.708,0.524,0.0,0.0,0.0,1.0,0.499657452583313,0.0,0.0,1.0,1.0,1.0,250.0,1.0,1.0,66.7,1.0,0.0,1.0,1.0,0.708,0.0,0.708,0.708,0.808,0.708,,
"mm_star:category=instance_reasoning,model=lmms-lab_LLaVA-Critic-R1-7B-Plus-Qwen",mm_star:category=instance_reasoning,lmms-lab_LLaVA-Critic-R1-7B-Plus-Qwen,1.0,0.0,0.736,1.6376543598613466e-308,0.0,0.736,0.54,0.0,0.0,0.0,1.0,0.5017716341018676,0.0,0.0,1.0,1.0,1.0,250.0,1.0,1.0,66.7,1.0,0.0,1.0,1.0,0.736,0.0,0.736,0.736,0.824,0.736,,
"mm_star:category=instance_reasoning,model=lmms-lab_Qwen2-VL-2B-GRPO-8k",mm_star:category=instance_reasoning,lmms-lab_Qwen2-VL-2B-GRPO-8k,1.0,0.0,0.512,1.139237815555719e-308,0.0,0.512,0.412,0.0,0.0,0.0,1.0,0.31848132419586184,0.0,0.0,1.0,1.0,1.0,250.0,1.0,1.0,66.7,1.0,0.0,1.0,1.0,0.512,0.0,0.512,0.512,0.696,0.512,,
"mm_star:category=instance_reasoning,model=lmms-lab_Qwen2-VL-7B-GRPO-8k",mm_star:category=instance_reasoning,lmms-lab_Qwen2-VL-7B-GRPO-8k,1.0,0.0,0.648,1.4418478603127073e-308,0.0,0.648,0.488,0.0,0.0,0.0,1.0,0.4907806396484375,0.0,0.0,1.0,1.0,1.0,250.0,1.0,1.0,66.7,1.0,0.0,1.0,1.0,0.648,0.0,0.648,0.648,0.772,0.648,,
"mm_star:category=logical_reasoning,model=Fancy-MLLM_R1-Onevision-7B",mm_star:category=logical_reasoning,Fancy-MLLM_R1-Onevision-7B,1.0,0.0,0.42539733517321343,1.2371410653300387e-308,0.0,0.42,0.3032214532766854,0.0,0.06,0.94,0.0,20.20426881313324,0.0,0.0,1.0,30.804,6.832,250.0,6.832,6.832,86.572,1.0,0.0,1.0,1.0,0.42,0.0,0.42,0.42,0.588,0.4320139661749112,,
"mm_star:category=logical_reasoning,model=FanqingM_MM-Eureka-Qwen-7B",mm_star:category=logical_reasoning,FanqingM_MM-Eureka-Qwen-7B,1.0,0.0,0.656,1.4596484511807654e-308,0.0,0.656,0.496,0.0,0.0,0.0,1.0,0.4545130338668823,0.0,0.0,1.0,1.0,1.0,250.0,1.0,1.0,86.572,1.0,0.0,1.0,1.0,0.656,0.0,0.656,0.656,0.792,0.656,,
"mm_star:category=logical_reasoning,model=Foreshhh_Qwen2-VL-7B-SafeRLHF",mm_star:category=logical_reasoning,Foreshhh_Qwen2-VL-7B-SafeRLHF,1.0,0.0,0.564,1.254941656198097e-308,0.0,0.564,0.468,0.0,0.0,0.0,1.0,0.5913085250854492,0.0,0.0,1.0,1.0,1.0,250.0,1.0,1.0,86.572,1.0,0.0,1.0,1.0,0.564,0.0,0.564,0.564,0.764,0.564,,
"mm_star:category=logical_reasoning,model=Foreshhh_Qwen2-VL-7B-VLGuard",mm_star:category=logical_reasoning,Foreshhh_Qwen2-VL-7B-VLGuard,1.0,0.0,0.5466666666666667,1.22824076989601e-308,0.0,0.544,0.44,0.0,0.0,0.0,1.0,0.6111163997650146,0.0,0.0,1.0,3.568,1.372,250.0,1.372,1.372,86.572,1.0,0.0,1.0,1.0,0.544,0.0,0.552,0.552,0.736,0.552,,
"mm_star:category=logical_reasoning,model=Osilly_Vision-R1-7B",mm_star:category=logical_reasoning,Osilly_Vision-R1-7B,1.0,0.0,0.652,1.450748155746736e-308,0.0,0.652,0.44,0.0,0.124,0.876,0.0,24.403893876075745,0.0,0.0,1.0,0.876,0.876,250.0,0.876,0.876,86.572,1.0,0.0,1.0,1.0,0.652,0.0,0.652,0.652,0.708,0.652,,
"mm_star:category=logical_reasoning,model=Qwen_Qwen2-VL-2B-Instruct",mm_star:category=logical_reasoning,Qwen_Qwen2-VL-2B-Instruct,1.0,0.0,0.424,9.4343131600708e-309,0.0,0.424,0.3,0.0,0.0,0.0,1.0,0.4066868715286255,0.0,0.0,1.0,1.0,1.0,250.0,1.0,1.0,86.572,1.0,0.0,1.0,1.0,0.424,0.0,0.424,0.424,0.596,0.424,,
"mm_star:category=logical_reasoning,model=Qwen_Qwen2-VL-7B-Instruct",mm_star:category=logical_reasoning,Qwen_Qwen2-VL-7B-Instruct,1.0,0.0,0.604,1.3439446105383874e-308,0.0,0.604,0.456,0.0,0.0,0.0,1.0,0.6064926853179932,0.0,0.0,1.0,1.0,1.0,250.0,1.0,1.0,86.572,1.0,0.0,1.0,1.0,0.604,0.0,0.604,0.604,0.752,0.604,,
"mm_star:category=logical_reasoning,model=Qwen_Qwen2.5-VL-7B-Instruct",mm_star:category=logical_reasoning,Qwen_Qwen2.5-VL-7B-Instruct,1.0,0.0,0.64,1.424047269444649e-308,0.0,0.64,0.496,0.0,0.0,0.0,1.0,0.5624144325256347,0.0,0.0,1.0,1.0,1.0,250.0,1.0,1.0,86.572,1.0,0.0,1.0,1.0,0.64,0.0,0.64,0.64,0.792,0.64,,
"mm_star:category=logical_reasoning,model=WaltonFuture_Qwen2.5VL-7b-RLCS",mm_star:category=logical_reasoning,WaltonFuture_Qwen2.5VL-7b-RLCS,1.0,0.0,0.0,0.0,0.0,0.0,0.0,0.0,0.0,0.0,1.0,1.3054641666412354,0.0,0.0,1.0,118.976,21.348,250.0,21.348,21.348,86.572,1.0,0.0,1.0,1.0,0.0,0.0,0.0,0.0,0.296,0.0002105263157894737,,
"mm_star:category=logical_reasoning,model=cemoss17_vision-grpo-qwen-2.5-vl-7b",mm_star:category=logical_reasoning,cemoss17_vision-grpo-qwen-2.5-vl-7b,1.0,0.0,0.628,1.3973463831425618e-308,0.0,0.628,0.452,0.0,0.0,0.0,1.0,0.5807640190124512,0.0,0.0,1.0,1.0,1.0,250.0,1.0,1.0,86.572,1.0,0.0,1.0,1.0,0.628,0.0,0.628,0.628,0.748,0.628,,
"mm_star:category=logical_reasoning,model=lmms-lab_LLaVA-Critic-R1-7B",mm_star:category=logical_reasoning,lmms-lab_LLaVA-Critic-R1-7B,1.0,0.0,0.672,1.4952496329168817e-308,0.0,0.672,0.488,0.0,0.0,0.0,1.0,0.5782839164733887,0.0,0.0,1.0,1.0,1.0,250.0,1.0,1.0,86.572,1.0,0.0,1.0,1.0,0.672,0.0,0.672,0.672,0.784,0.672,,
"mm_star:category=logical_reasoning,model=lmms-lab_LLaVA-Critic-R1-7B-Plus-Qwen",mm_star:category=logical_reasoning,lmms-lab_LLaVA-Critic-R1-7B-Plus-Qwen,1.0,0.0,0.696,1.548651405521056e-308,0.0,0.696,0.504,0.0,0.0,0.0,1.0,0.5803249807357788,0.0,0.0,1.0,1.0,1.0,250.0,1.0,1.0,86.572,1.0,0.0,1.0,1.0,0.696,0.0,0.696,0.696,0.8,0.696,,
"mm_star:category=logical_reasoning,model=lmms-lab_Qwen2-VL-2B-GRPO-8k",mm_star:category=logical_reasoning,lmms-lab_Qwen2-VL-2B-GRPO-8k,1.0,0.0,0.416,9.25630725139022e-309,0.0,0.416,0.3,0.0,0.0,0.0,1.0,0.4093948879241943,0.0,0.0,1.0,1.0,1.0,250.0,1.0,1.0,86.572,1.0,0.0,1.0,1.0,0.416,0.0,0.416,0.416,0.596,0.416,,
"mm_star:category=logical_reasoning,model=lmms-lab_Qwen2-VL-7B-GRPO-8k",mm_star:category=logical_reasoning,lmms-lab_Qwen2-VL-7B-GRPO-8k,1.0,0.0,0.592,1.3172437242363005e-308,0.0,0.592,0.444,0.0,0.0,0.0,1.0,0.6058207368850708,0.0,0.0,1.0,1.0,1.0,250.0,1.0,1.0,86.572,1.0,0.0,1.0,1.0,0.592,0.0,0.592,0.592,0.74,0.592,,
"mm_star:category=math,model=Fancy-MLLM_R1-Onevision-7B",mm_star:category=math,Fancy-MLLM_R1-Onevision-7B,1.0,0.0,0.34453253965393826,1.3617452014064455e-308,0.0,0.336,0.28475775857885083,0.0,0.104,0.896,0.0,27.44234146976471,0.0,0.0,1.0,61.548,14.616,250.0,14.616,14.616,110.204,1.0,0.0,1.0,1.0,0.336,0.0,0.336,0.336,0.504,0.35629157499731895,,
"mm_star:category=math,model=FanqingM_MM-Eureka-Qwen-7B",mm_star:category=math,FanqingM_MM-Eureka-Qwen-7B,1.0,0.0,0.64,1.424047269444649e-308,0.0,0.64,0.492,0.0,0.0,0.0,1.0,0.41025671768188476,0.0,0.0,1.0,1.0,1.0,250.0,1.0,1.0,110.204,1.0,0.0,1.0,1.0,0.64,0.0,0.64,0.64,0.764,0.64,,
"mm_star:category=math,model=Foreshhh_Qwen2-VL-7B-SafeRLHF",mm_star:category=math,Foreshhh_Qwen2-VL-7B-SafeRLHF,1.0,0.0,0.54,1.2015398835939224e-308,0.0,0.54,0.432,0.0,0.0,0.0,1.0,0.6779489240646362,0.0,0.0,1.0,1.0,1.0,250.0,1.0,1.0,110.204,1.0,0.0,1.0,1.0,0.54,0.0,0.54,0.54,0.704,0.54,,
"mm_star:category=math,model=Foreshhh_Qwen2-VL-7B-VLGuard",mm_star:category=math,Foreshhh_Qwen2-VL-7B-VLGuard,1.0,0.0,0.528,1.1748389972918355e-308,0.0,0.528,0.42,0.0,0.0,0.0,1.0,0.7714139032363891,0.0,0.0,1.0,13.72,2.88,250.0,2.88,2.88,110.204,1.0,0.0,1.0,1.0,0.528,0.0,0.528,0.528,0.692,0.5281443365695793,,
"mm_star:category=math,model=Osilly_Vision-R1-7B",mm_star:category=math,Osilly_Vision-R1-7B,1.0,0.0,0.72,1.6020531781252304e-308,0.0,0.72,0.532,0.0,0.168,0.832,0.0,34.089920052528385,0.0,0.0,1.0,0.832,0.832,250.0,0.832,0.832,110.204,1.0,0.0,1.0,1.0,0.72,0.0,0.72,0.72,0.76,0.72,,
"mm_star:category=math,model=Qwen_Qwen2-VL-2B-Instruct",mm_star:category=math,Qwen_Qwen2-VL-2B-Instruct,1.0,0.0,0.38,8.455280662327605e-309,0.0,0.38,0.264,0.0,0.0,0.0,1.0,0.49030031585693357,0.0,0.0,1.0,1.028,1.004,250.0,1.004,1.004,110.204,1.0,0.0,1.0,1.0,0.38,0.0,0.38,0.38,0.536,0.38,,
"mm_star:category=math,model=Qwen_Qwen2-VL-7B-Instruct",mm_star:category=math,Qwen_Qwen2-VL-7B-Instruct,1.0,0.0,0.588,1.308343428802271e-308,0.0,0.588,0.424,0.0,0.0,0.0,1.0,0.68918412399292,0.0,0.0,1.0,1.0,1.0,250.0,1.0,1.0,110.204,1.0,0.0,1.0,1.0,0.588,0.0,0.588,0.588,0.696,0.588,,
"mm_star:category=math,model=Qwen_Qwen2.5-VL-7B-Instruct",mm_star:category=math,Qwen_Qwen2.5-VL-7B-Instruct,1.0,0.0,0.636,1.41514697401062e-308,0.0,0.636,0.516,0.0,0.0,0.0,1.0,0.5927599773406983,0.0,0.0,1.0,1.0,1.0,250.0,1.0,1.0,110.204,1.0,0.0,1.0,1.0,0.636,0.0,0.636,0.636,0.788,0.636,,
"mm_star:category=math,model=WaltonFuture_Qwen2.5VL-7b-RLCS",mm_star:category=math,WaltonFuture_Qwen2.5VL-7b-RLCS,1.0,0.0,0.00028164115380610225,3.5601181736116e-310,0.0,0.0,0.0,0.0,0.0,0.0,1.0,1.3647892389297485,0.0,0.0,1.0,110.84,21.436,250.0,21.436,21.436,110.204,1.0,0.0,1.0,1.0,0.0,0.0,0.0,0.0,0.272,0.0021619454233306225,,
"mm_star:category=math,model=cemoss17_vision-grpo-qwen-2.5-vl-7b",mm_star:category=math,cemoss17_vision-grpo-qwen-2.5-vl-7b,1.0,0.0,0.648,1.4418478603127073e-308,0.0,0.648,0.48,0.0,0.0,0.0,1.0,0.6122782239913941,0.0,0.0,1.0,1.0,1.0,250.0,1.0,1.0,110.204,1.0,0.0,1.0,1.0,0.648,0.0,0.648,0.648,0.752,0.648,,
"mm_star:category=math,model=lmms-lab_LLaVA-Critic-R1-7B",mm_star:category=math,lmms-lab_LLaVA-Critic-R1-7B,1.0,0.0,0.672,1.4952496329168817e-308,0.0,0.672,0.496,0.0,0.0,0.0,1.0,0.6077343664169311,0.0,0.0,1.0,1.0,1.0,250.0,1.0,1.0,110.204,1.0,0.0,1.0,1.0,0.672,0.0,0.672,0.672,0.768,0.672,,
"mm_star:category=math,model=lmms-lab_LLaVA-Critic-R1-7B-Plus-Qwen",mm_star:category=math,lmms-lab_LLaVA-Critic-R1-7B-Plus-Qwen,1.0,0.0,0.676,1.5041499283509105e-308,0.0,0.676,0.508,0.0,0.0,0.0,1.0,0.6113135023117066,0.0,0.0,1.0,1.0,1.0,250.0,1.0,1.0,110.204,1.0,0.0,1.0,1.0,0.676,0.0,0.676,0.676,0.78,0.676,,
"mm_star:category=math,model=lmms-lab_Qwen2-VL-2B-GRPO-8k",mm_star:category=math,lmms-lab_Qwen2-VL-2B-GRPO-8k,1.0,0.0,0.368,8.18827179930673e-309,0.0,0.368,0.264,0.0,0.0,0.0,1.0,0.39260053443908693,0.0,0.0,1.0,1.0,1.0,250.0,1.0,1.0,110.204,1.0,0.0,1.0,1.0,0.368,0.0,0.368,0.368,0.536,0.368,,
"mm_star:category=math,model=lmms-lab_Qwen2-VL-7B-GRPO-8k",mm_star:category=math,lmms-lab_Qwen2-VL-7B-GRPO-8k,1.0,0.0,0.58,1.290542837934213e-308,0.0,0.58,0.416,0.0,0.0,0.0,1.0,0.5613885955810547,0.0,0.0,1.0,1.0,1.0,250.0,1.0,1.0,110.204,1.0,0.0,1.0,1.0,0.58,0.0,0.58,0.58,0.688,0.58,,
"mmmu:subject=Accounting,question_type=multiple-choice,model=Fancy-MLLM_R1-Onevision-7B",mmmu:subject=Accounting,Fancy-MLLM_R1-Onevision-7B,1.0,0.0,,,,0.3333333333333333,,0.0,0.26666666666666666,0.7333333333333333,0.0,52.47261416912079,0.0,0.0,1.0,24.033333333333335,6.466666666666667,30.0,6.466666666666667,6.466666666666667,119.26666666666667,3.533333333333333,0.0,1.0,1.0,0.3333333333333333,0.0,0.3333333333333333,,0.3333333333333333,,,
"mmmu:subject=Accounting,question_type=multiple-choice,model=FanqingM_MM-Eureka-Qwen-7B",mmmu:subject=Accounting,FanqingM_MM-Eureka-Qwen-7B,1.0,0.0,,,,0.4,,0.0,0.0,1.0,0.0,0.4814076105753581,0.0,0.0,1.0,1.0,1.0,30.0,1.0,1.0,119.26666666666667,3.533333333333333,0.0,1.0,1.0,0.4,0.0,0.4,,0.4,,,
"mmmu:subject=Accounting,question_type=multiple-choice,model=Foreshhh_Qwen2-VL-7B-SafeRLHF",mmmu:subject=Accounting,Foreshhh_Qwen2-VL-7B-SafeRLHF,1.0,0.0,,,,0.4,,0.0,0.0,1.0,0.0,0.4899383227030436,0.0,0.0,1.0,1.0,1.0,30.0,1.0,1.0,119.26666666666667,3.533333333333333,0.0,1.0,1.0,0.4,0.0,0.4,,0.4,,,
"mmmu:subject=Accounting,question_type=multiple-choice,model=Foreshhh_Qwen2-VL-7B-VLGuard",mmmu:subject=Accounting,Foreshhh_Qwen2-VL-7B-VLGuard,1.0,0.0,,,,0.36666666666666664,,0.0,0.0,1.0,0.0,0.4887491941452026,0.0,0.0,1.0,1.0,1.0,30.0,1.0,1.0,119.26666666666667,3.533333333333333,0.0,1.0,1.0,0.36666666666666664,0.0,0.36666666666666664,,0.36666666666666664,,,
"mmmu:subject=Accounting,question_type=multiple-choice,model=Osilly_Vision-R1-7B",mmmu:subject=Accounting,Osilly_Vision-R1-7B,1.0,0.0,,,,0.4,,0.0,0.5,0.5,0.0,79.95655311743418,0.0,0.0,1.0,0.5,0.5,30.0,0.5,0.5,119.26666666666667,3.533333333333333,0.0,1.0,1.0,0.4,0.0,0.4,,0.4,,,
"mmmu:subject=Accounting,question_type=multiple-choice,model=Qwen_Qwen2-VL-2B-Instruct",mmmu:subject=Accounting,Qwen_Qwen2-VL-2B-Instruct,1.0,0.0,,,,0.5333333333333333,,0.0,0.0,1.0,0.0,0.2806265195210775,0.0,0.0,1.0,1.0333333333333334,1.0333333333333334,30.0,1.0333333333333334,1.0333333333333334,119.26666666666667,3.533333333333333,0.0,1.0,1.0,0.5333333333333333,0.0,0.5333333333333333,,0.5333333333333333,,,
"mmmu:subject=Accounting,question_type=multiple-choice,model=Qwen_Qwen2-VL-7B-Instruct",mmmu:subject=Accounting,Qwen_Qwen2-VL-7B-Instruct,1.0,0.0,,,,0.43333333333333335,,0.0,0.0,1.0,0.0,0.47761059602101646,0.0,0.0,1.0,1.0,1.0,30.0,1.0,1.0,119.26666666666667,3.533333333333333,0.0,1.0,1.0,0.43333333333333335,0.0,0.43333333333333335,,0.43333333333333335,,,
"mmmu:subject=Accounting,question_type=multiple-choice,model=Qwen_Qwen2.5-VL-7B-Instruct",mmmu:subject=Accounting,Qwen_Qwen2.5-VL-7B-Instruct,1.0,0.0,,,,0.36666666666666664,,0.0,0.0,1.0,0.0,0.4739732106526693,0.0,0.0,1.0,1.0,1.0,30.0,1.0,1.0,119.26666666666667,3.533333333333333,0.0,1.0,1.0,0.36666666666666664,0.0,0.36666666666666664,,0.36666666666666664,,,
"mmmu:subject=Accounting,question_type=multiple-choice,model=WaltonFuture_Qwen2.5VL-7b-RLCS",mmmu:subject=Accounting,WaltonFuture_Qwen2.5VL-7b-RLCS,1.0,0.0,,,,0.26666666666666666,,0.0,0.26666666666666666,0.7333333333333333,0.0,17.682406759262086,0.0,0.0,1.0,2494.6666666666665,697.0666666666667,30.0,697.0666666666667,697.0666666666667,119.26666666666667,3.533333333333333,0.0,1.0,1.0,0.26666666666666666,0.0,0.26666666666666666,,0.26666666666666666,,,
"mmmu:subject=Accounting,question_type=multiple-choice,model=cemoss17_vision-grpo-qwen-2.5-vl-7b",mmmu:subject=Accounting,cemoss17_vision-grpo-qwen-2.5-vl-7b,1.0,0.0,,,,0.4,,0.0,0.0,1.0,0.0,0.4645485003789266,0.0,0.0,1.0,1.0,1.0,30.0,1.0,1.0,119.26666666666667,3.533333333333333,0.0,1.0,1.0,0.4,0.0,0.4,,0.4,,,
"mmmu:subject=Accounting,question_type=multiple-choice,model=lmms-lab_LLaVA-Critic-R1-7B",mmmu:subject=Accounting,lmms-lab_LLaVA-Critic-R1-7B,1.0,0.0,,,,0.43333333333333335,,0.0,0.0,1.0,0.0,0.4715023438135783,0.0,0.0,1.0,1.0,1.0,30.0,1.0,1.0,119.26666666666667,3.533333333333333,0.0,1.0,1.0,0.43333333333333335,0.0,0.43333333333333335,,0.43333333333333335,,,
"mmmu:subject=Accounting,question_type=multiple-choice,model=lmms-lab_LLaVA-Critic-R1-7B-Plus-Qwen",mmmu:subject=Accounting,lmms-lab_LLaVA-Critic-R1-7B-Plus-Qwen,1.0,0.0,,,,0.43333333333333335,,0.0,0.0,1.0,0.0,0.4680811802546183,0.0,0.0,1.0,1.0,1.0,30.0,1.0,1.0,119.26666666666667,3.533333333333333,0.0,1.0,1.0,0.43333333333333335,0.0,0.43333333333333335,,0.43333333333333335,,,
"mmmu:subject=Accounting,question_type=multiple-choice,model=lmms-lab_Qwen2-VL-2B-GRPO-8k",mmmu:subject=Accounting,lmms-lab_Qwen2-VL-2B-GRPO-8k,1.0,0.0,,,,0.5333333333333333,,0.0,0.0,1.0,0.0,0.287125563621521,0.0,0.0,1.0,1.1,1.1,30.0,1.1,1.1,119.26666666666667,3.533333333333333,0.0,1.0,1.0,0.5333333333333333,0.0,0.5333333333333333,,0.5333333333333333,,,
"mmmu:subject=Accounting,question_type=multiple-choice,model=lmms-lab_Qwen2-VL-7B-GRPO-8k",mmmu:subject=Accounting,lmms-lab_Qwen2-VL-7B-GRPO-8k,1.0,0.0,,,,0.43333333333333335,,0.0,0.0,1.0,0.0,0.4729301452636719,0.0,0.0,1.0,1.0,1.0,30.0,1.0,1.0,119.26666666666667,3.533333333333333,0.0,1.0,1.0,0.43333333333333335,0.0,0.43333333333333335,,0.43333333333333335,,,
"mmmu:subject=Computer_Science,question_type=multiple-choice,model=Fancy-MLLM_R1-Onevision-7B",mmmu:subject=Computer_Science,Fancy-MLLM_R1-Onevision-7B,1.0,0.0,,,,0.4444444444444444,,0.0,0.1111111111111111,0.8888888888888888,0.0,31.95941655724137,0.0,0.0,1.0,31.296296296296298,6.185185185185185,27.0,6.185185185185185,6.185185185185185,100.81481481481481,4.074074074074074,0.0,1.0,1.0,0.4444444444444444,0.0,0.4444444444444444,,0.4444444444444444,,,
"mmmu:subject=Computer_Science,question_type=multiple-choice,model=FanqingM_MM-Eureka-Qwen-7B",mmmu:subject=Computer_Science,FanqingM_MM-Eureka-Qwen-7B,1.0,0.0,,,,0.5925925925925926,,0.0,0.0,1.0,0.0,0.48086670592979147,0.0,0.0,1.0,1.1111111111111112,1.0740740740740742,27.0,1.0740740740740742,1.0740740740740742,100.81481481481481,4.074074074074074,0.0,1.0,1.0,0.5925925925925926,0.0,0.5925925925925926,,0.5925925925925926,,,
"mmmu:subject=Computer_Science,question_type=multiple-choice,model=Foreshhh_Qwen2-VL-7B-SafeRLHF",mmmu:subject=Computer_Science,Foreshhh_Qwen2-VL-7B-SafeRLHF,1.0,0.0,,,,0.5555555555555556,,0.0,0.0,1.0,0.0,0.7857314922191478,0.0,0.0,1.0,1.0,1.0,27.0,1.0,1.0,100.81481481481481,4.074074074074074,0.0,1.0,1.0,0.5555555555555556,0.0,0.5555555555555556,,0.5555555555555556,,,
"mmmu:subject=Computer_Science,question_type=multiple-choice,model=Foreshhh_Qwen2-VL-7B-VLGuard",mmmu:subject=Computer_Science,Foreshhh_Qwen2-VL-7B-VLGuard,1.0,0.0,,,,0.5185185185185185,,0.0,0.0,1.0,0.0,0.7968716798005281,0.0,0.0,1.0,1.1111111111111112,1.1111111111111112,27.0,1.1111111111111112,1.1111111111111112,100.81481481481481,4.074074074074074,0.0,1.0,1.0,0.5185185185185185,0.0,0.5555555555555556,,0.5555555555555556,,,
"mmmu:subject=Computer_Science,question_type=multiple-choice,model=Osilly_Vision-R1-7B",mmmu:subject=Computer_Science,Osilly_Vision-R1-7B,1.0,0.0,,,,0.5185185185185185,,0.0,0.14814814814814814,0.8518518518518519,0.0,32.85999902972468,0.0,0.0,1.0,0.8518518518518519,0.8518518518518519,27.0,0.8518518518518519,0.8518518518518519,100.81481481481481,4.074074074074074,0.0,1.0,1.0,0.5185185185185185,0.0,0.5185185185185185,,0.5185185185185185,,,
"mmmu:subject=Computer_Science,question_type=multiple-choice,model=Qwen_Qwen2-VL-2B-Instruct",mmmu:subject=Computer_Science,Qwen_Qwen2-VL-2B-Instruct,1.0,0.0,,,,0.3333333333333333,,0.0,0.0,1.0,0.0,0.6018008214456064,0.0,0.0,1.0,2.0,1.4814814814814814,27.0,1.4814814814814814,1.4814814814814814,100.81481481481481,4.074074074074074,0.0,1.0,1.0,0.3333333333333333,0.0,0.4074074074074074,,0.4074074074074074,,,
"mmmu:subject=Computer_Science,question_type=multiple-choice,model=Qwen_Qwen2-VL-7B-Instruct",mmmu:subject=Computer_Science,Qwen_Qwen2-VL-7B-Instruct,1.0,0.0,,,,0.5925925925925926,,0.0,0.0,1.0,0.0,0.8226476863578513,0.0,0.0,1.0,1.037037037037037,1.037037037037037,27.0,1.037037037037037,1.037037037037037,100.81481481481481,4.074074074074074,0.0,1.0,1.0,0.5925925925925926,0.0,0.5925925925925926,,0.5925925925925926,,,
"mmmu:subject=Computer_Science,question_type=multiple-choice,model=Qwen_Qwen2.5-VL-7B-Instruct",mmmu:subject=Computer_Science,Qwen_Qwen2.5-VL-7B-Instruct,1.0,0.0,,,,0.5185185185185185,,0.0,0.0,1.0,0.0,0.7217573501445629,0.0,0.0,1.0,1.0,1.0,27.0,1.0,1.0,100.81481481481481,4.074074074074074,0.0,1.0,1.0,0.5185185185185185,0.0,0.5185185185185185,,0.5185185185185185,,,
"mmmu:subject=Computer_Science,question_type=multiple-choice,model=WaltonFuture_Qwen2.5VL-7b-RLCS",mmmu:subject=Computer_Science,WaltonFuture_Qwen2.5VL-7b-RLCS,1.0,0.0,,,,0.3333333333333333,,0.0,0.1111111111111111,0.8888888888888888,0.0,20.802755585423224,0.0,0.0,1.0,2548.8518518518517,626.5185185185185,27.0,626.5185185185185,626.5185185185185,100.81481481481481,4.074074074074074,0.0,1.0,1.0,0.3333333333333333,0.0,0.3333333333333333,,0.3333333333333333,,,
"mmmu:subject=Computer_Science,question_type=multiple-choice,model=cemoss17_vision-grpo-qwen-2.5-vl-7b",mmmu:subject=Computer_Science,cemoss17_vision-grpo-qwen-2.5-vl-7b,1.0,0.0,,,,0.5555555555555556,,0.0,0.0,1.0,0.0,0.7414878209431967,0.0,0.0,1.0,1.037037037037037,1.037037037037037,27.0,1.037037037037037,1.037037037037037,100.81481481481481,4.074074074074074,0.0,1.0,1.0,0.5555555555555556,0.0,0.5555555555555556,,0.5555555555555556,,,
"mmmu:subject=Computer_Science,question_type=multiple-choice,model=lmms-lab_LLaVA-Critic-R1-7B",mmmu:subject=Computer_Science,lmms-lab_LLaVA-Critic-R1-7B,1.0,0.0,,,,0.5555555555555556,,0.0,0.0,1.0,0.0,0.7355087863074409,0.0,0.0,1.0,1.037037037037037,1.037037037037037,27.0,1.037037037037037,1.037037037037037,100.81481481481481,4.074074074074074,0.0,1.0,1.0,0.5555555555555556,0.0,0.5555555555555556,,0.5555555555555556,,,
"mmmu:subject=Computer_Science,question_type=multiple-choice,model=lmms-lab_LLaVA-Critic-R1-7B-Plus-Qwen",mmmu:subject=Computer_Science,lmms-lab_LLaVA-Critic-R1-7B-Plus-Qwen,1.0,0.0,,,,0.5925925925925926,,0.0,0.0,1.0,0.0,0.7274000379774306,0.0,0.0,1.0,1.0,1.0,27.0,1.0,1.0,100.81481481481481,4.074074074074074,0.0,1.0,1.0,0.5925925925925926,0.0,0.5925925925925926,,0.5925925925925926,,,
"mmmu:subject=Computer_Science,question_type=multiple-choice,model=lmms-lab_Qwen2-VL-2B-GRPO-8k",mmmu:subject=Computer_Science,lmms-lab_Qwen2-VL-2B-GRPO-8k,1.0,0.0,,,,0.3333333333333333,,0.0,0.0,1.0,0.0,0.6220981456615307,0.0,0.0,1.0,2.037037037037037,1.5185185185185186,27.0,1.5185185185185186,1.5185185185185186,100.81481481481481,4.074074074074074,0.0,1.0,1.0,0.3333333333333333,0.0,0.37037037037037035,,0.37037037037037035,,,
"mmmu:subject=Computer_Science,question_type=multiple-choice,model=lmms-lab_Qwen2-VL-7B-GRPO-8k",mmmu:subject=Computer_Science,lmms-lab_Qwen2-VL-7B-GRPO-8k,1.0,0.0,,,,0.5925925925925926,,0.0,0.0,1.0,0.0,0.8188284326482702,0.0,0.0,1.0,1.0,1.0,27.0,1.0,1.0,100.81481481481481,4.074074074074074,0.0,1.0,1.0,0.5925925925925926,0.0,0.5925925925925926,,0.5925925925925926,,,
"mmmu:subject=Economics,question_type=multiple-choice,model=Fancy-MLLM_R1-Onevision-7B",mmmu:subject=Economics,Fancy-MLLM_R1-Onevision-7B,1.0,0.0,,,,0.3793103448275862,,0.0,0.06896551724137931,0.9310344827586207,0.0,26.76589220145653,0.0,0.0,1.0,44.206896551724135,10.310344827586206,29.0,10.310344827586206,10.310344827586206,110.27586206896552,3.586206896551724,0.0,1.0,1.0,0.3793103448275862,0.0,0.3793103448275862,,0.3793103448275862,,,
"mmmu:subject=Economics,question_type=multiple-choice,model=FanqingM_MM-Eureka-Qwen-7B",mmmu:subject=Economics,FanqingM_MM-Eureka-Qwen-7B,1.0,0.0,,,,0.3793103448275862,,0.0,0.0,1.0,0.0,1.9631096412395608,0.0,0.0,1.0,1.0,1.0,29.0,1.0,1.0,110.27586206896552,3.586206896551724,0.0,1.0,1.0,0.3793103448275862,0.0,0.3793103448275862,,0.3793103448275862,,,
"mmmu:subject=Economics,question_type=multiple-choice,model=Foreshhh_Qwen2-VL-7B-SafeRLHF",mmmu:subject=Economics,Foreshhh_Qwen2-VL-7B-SafeRLHF,1.0,0.0,,,,0.5172413793103449,,0.0,0.0,1.0,0.0,1.9473137444463269,0.0,0.0,1.0,1.0,1.0,29.0,1.0,1.0,110.27586206896552,3.586206896551724,0.0,1.0,1.0,0.5172413793103449,0.0,0.5172413793103449,,0.5172413793103449,,,
"mmmu:subject=Economics,question_type=multiple-choice,model=Foreshhh_Qwen2-VL-7B-VLGuard",mmmu:subject=Economics,Foreshhh_Qwen2-VL-7B-VLGuard,1.0,0.0,,,,0.5172413793103449,,0.0,0.0,1.0,0.0,2.047006894802225,0.0,0.0,1.0,1.0344827586206897,1.0344827586206897,29.0,1.0344827586206897,1.0344827586206897,110.27586206896552,3.586206896551724,0.0,1.0,1.0,0.5172413793103449,0.0,0.5172413793103449,,0.5172413793103449,,,
"mmmu:subject=Economics,question_type=multiple-choice,model=Osilly_Vision-R1-7B",mmmu:subject=Economics,Osilly_Vision-R1-7B,1.0,0.0,,,,0.4482758620689655,,0.0,0.3103448275862069,0.6896551724137931,0.0,55.00329617796273,0.0,0.0,1.0,0.6896551724137931,0.6896551724137931,29.0,0.6896551724137931,0.6896551724137931,110.27586206896552,3.586206896551724,0.0,1.0,1.0,0.4482758620689655,0.0,0.4482758620689655,,0.4482758620689655,,,
"mmmu:subject=Economics,question_type=multiple-choice,model=Qwen_Qwen2-VL-2B-Instruct",mmmu:subject=Economics,Qwen_Qwen2-VL-2B-Instruct,1.0,0.0,,,,0.27586206896551724,,0.0,0.0,1.0,0.0,1.8653301123915047,0.0,0.0,1.0,1.3103448275862069,1.3103448275862069,29.0,1.3103448275862069,1.3103448275862069,110.27586206896552,3.586206896551724,0.0,1.0,1.0,0.27586206896551724,0.0,0.27586206896551724,,0.27586206896551724,,,
"mmmu:subject=Economics,question_type=multiple-choice,model=Qwen_Qwen2-VL-7B-Instruct",mmmu:subject=Economics,Qwen_Qwen2-VL-7B-Instruct,1.0,0.0,,,,0.5172413793103449,,0.0,0.0,1.0,0.0,2.1315320606889396,0.0,0.0,1.0,1.0,1.0,29.0,1.0,1.0,110.27586206896552,3.586206896551724,0.0,1.0,1.0,0.5172413793103449,0.0,0.5172413793103449,,0.5172413793103449,,,
"mmmu:subject=Economics,question_type=multiple-choice,model=Qwen_Qwen2.5-VL-7B-Instruct",mmmu:subject=Economics,Qwen_Qwen2.5-VL-7B-Instruct,1.0,0.0,,,,0.3793103448275862,,0.0,0.0,1.0,0.0,1.838224591880009,0.0,0.0,1.0,1.0,1.0,29.0,1.0,1.0,110.27586206896552,3.586206896551724,0.0,1.0,1.0,0.3793103448275862,0.0,0.3793103448275862,,0.3793103448275862,,,
"mmmu:subject=Economics,question_type=multiple-choice,model=WaltonFuture_Qwen2.5VL-7b-RLCS",mmmu:subject=Economics,WaltonFuture_Qwen2.5VL-7b-RLCS,1.0,0.0,,,,0.20689655172413793,,0.0,0.034482758620689655,0.9655172413793104,0.0,20.167950005366883,0.0,0.0,1.0,2404.206896551724,557.0,29.0,557.0,557.0,110.27586206896552,3.586206896551724,0.0,1.0,1.0,0.20689655172413793,0.0,0.20689655172413793,,0.20689655172413793,,,
"mmmu:subject=Economics,question_type=multiple-choice,model=cemoss17_vision-grpo-qwen-2.5-vl-7b",mmmu:subject=Economics,cemoss17_vision-grpo-qwen-2.5-vl-7b,1.0,0.0,,,,0.3793103448275862,,0.0,0.0,1.0,0.0,2.1095432824101943,0.0,0.0,1.0,1.0,1.0,29.0,1.0,1.0,110.27586206896552,3.586206896551724,0.0,1.0,1.0,0.3793103448275862,0.0,0.3793103448275862,,0.3793103448275862,,,
"mmmu:subject=Economics,question_type=multiple-choice,model=lmms-lab_LLaVA-Critic-R1-7B",mmmu:subject=Economics,lmms-lab_LLaVA-Critic-R1-7B,1.0,0.0,,,,0.3793103448275862,,0.0,0.0,1.0,0.0,2.1325929904806205,0.0,0.0,1.0,1.0,1.0,29.0,1.0,1.0,110.27586206896552,3.586206896551724,0.0,1.0,1.0,0.3793103448275862,0.0,0.3793103448275862,,0.3793103448275862,,,
"mmmu:subject=Economics,question_type=multiple-choice,model=lmms-lab_LLaVA-Critic-R1-7B-Plus-Qwen",mmmu:subject=Economics,lmms-lab_LLaVA-Critic-R1-7B-Plus-Qwen,1.0,0.0,,,,0.3793103448275862,,0.0,0.0,1.0,0.0,2.116256590547233,0.0,0.0,1.0,1.0,1.0,29.0,1.0,1.0,110.27586206896552,3.586206896551724,0.0,1.0,1.0,0.3793103448275862,0.0,0.3793103448275862,,0.3793103448275862,,,
"mmmu:subject=Economics,question_type=multiple-choice,model=lmms-lab_Qwen2-VL-2B-GRPO-8k",mmmu:subject=Economics,lmms-lab_Qwen2-VL-2B-GRPO-8k,1.0,0.0,,,,0.27586206896551724,,0.0,0.0,1.0,0.0,2.1540107891477387,0.0,0.0,1.0,1.5172413793103448,1.4827586206896552,29.0,1.4827586206896552,1.4827586206896552,110.27586206896552,3.586206896551724,0.0,1.0,1.0,0.27586206896551724,0.0,0.27586206896551724,,0.27586206896551724,,,
"mmmu:subject=Economics,question_type=multiple-choice,model=lmms-lab_Qwen2-VL-7B-GRPO-8k",mmmu:subject=Economics,lmms-lab_Qwen2-VL-7B-GRPO-8k,1.0,0.0,,,,0.5517241379310345,,0.0,0.0,1.0,0.0,2.1340643619668893,0.0,0.0,1.0,1.0,1.0,29.0,1.0,1.0,110.27586206896552,3.586206896551724,0.0,1.0,1.0,0.5517241379310345,0.0,0.5517241379310345,,0.5517241379310345,,,
"mmmu:subject=Finance,question_type=multiple-choice,model=Fancy-MLLM_R1-Onevision-7B",mmmu:subject=Finance,Fancy-MLLM_R1-Onevision-7B,1.0,0.0,,,,0.4090909090909091,,0.0,0.18181818181818182,0.8181818181818182,0.0,40.65066193450581,0.0,0.0,1.0,34.72727272727273,8.318181818181818,22.0,8.318181818181818,8.318181818181818,144.3181818181818,4.0,0.0,1.0,1.0,0.4090909090909091,0.0,0.4090909090909091,,0.4090909090909091,,,
"mmmu:subject=Finance,question_type=multiple-choice,model=FanqingM_MM-Eureka-Qwen-7B",mmmu:subject=Finance,FanqingM_MM-Eureka-Qwen-7B,1.0,0.0,,,,0.36363636363636365,,0.0,0.0,1.0,0.0,0.40486751903187146,0.0,0.0,1.0,1.0,1.0,22.0,1.0,1.0,144.3181818181818,4.0,0.0,1.0,1.0,0.36363636363636365,0.0,0.36363636363636365,,0.36363636363636365,,,
"mmmu:subject=Finance,question_type=multiple-choice,model=Foreshhh_Qwen2-VL-7B-SafeRLHF",mmmu:subject=Finance,Foreshhh_Qwen2-VL-7B-SafeRLHF,1.0,0.0,,,,0.4090909090909091,,0.0,0.0,1.0,0.0,0.4160735173658891,0.0,0.0,1.0,1.0,1.0,22.0,1.0,1.0,144.3181818181818,4.0,0.0,1.0,1.0,0.4090909090909091,0.0,0.4090909090909091,,0.4090909090909091,,,
"mmmu:subject=Finance,question_type=multiple-choice,model=Foreshhh_Qwen2-VL-7B-VLGuard",mmmu:subject=Finance,Foreshhh_Qwen2-VL-7B-VLGuard,1.0,0.0,,,,0.2727272727272727,,0.0,0.0,1.0,0.0,0.4272306832400235,0.0,0.0,1.0,1.0,1.0,22.0,1.0,1.0,144.3181818181818,4.0,0.0,1.0,1.0,0.2727272727272727,0.0,0.2727272727272727,,0.2727272727272727,,,
"mmmu:subject=Finance,question_type=multiple-choice,model=Osilly_Vision-R1-7B",mmmu:subject=Finance,Osilly_Vision-R1-7B,1.0,0.0,,,,0.4090909090909091,,0.0,0.5,0.5,0.0,74.41320765018463,0.0,0.0,1.0,0.5,0.5,22.0,0.5,0.5,144.3181818181818,4.0,0.0,1.0,1.0,0.4090909090909091,0.0,0.4090909090909091,,0.4090909090909091,,,
"mmmu:subject=Finance,question_type=multiple-choice,model=Qwen_Qwen2-VL-2B-Instruct",mmmu:subject=Finance,Qwen_Qwen2-VL-2B-Instruct,1.0,0.0,,,,0.22727272727272727,,0.0,0.0,1.0,0.0,0.26662953333421185,0.0,0.0,1.0,1.0,1.0,22.0,1.0,1.0,144.3181818181818,4.0,0.0,1.0,1.0,0.22727272727272727,0.0,0.22727272727272727,,0.22727272727272727,,,
"mmmu:subject=Finance,question_type=multiple-choice,model=Qwen_Qwen2-VL-7B-Instruct",mmmu:subject=Finance,Qwen_Qwen2-VL-7B-Instruct,1.0,0.0,,,,0.45454545454545453,,0.0,0.0,1.0,0.0,0.42958598787134344,0.0,0.0,1.0,1.0,1.0,22.0,1.0,1.0,144.3181818181818,4.0,0.0,1.0,1.0,0.45454545454545453,0.0,0.45454545454545453,,0.45454545454545453,,,
"mmmu:subject=Finance,question_type=multiple-choice,model=Qwen_Qwen2.5-VL-7B-Instruct",mmmu:subject=Finance,Qwen_Qwen2.5-VL-7B-Instruct,1.0,0.0,,,,0.36363636363636365,,0.0,0.0,1.0,0.0,0.41925964572212915,0.0,0.0,1.0,1.0,1.0,22.0,1.0,1.0,144.3181818181818,4.0,0.0,1.0,1.0,0.36363636363636365,0.0,0.36363636363636365,,0.36363636363636365,,,
"mmmu:subject=Finance,question_type=multiple-choice,model=WaltonFuture_Qwen2.5VL-7b-RLCS",mmmu:subject=Finance,WaltonFuture_Qwen2.5VL-7b-RLCS,1.0,0.0,,,,0.22727272727272727,,0.0,0.18181818181818182,0.8181818181818182,0.0,22.1348858313127,0.0,0.0,1.0,2288.4545454545455,680.8636363636364,22.0,680.8636363636364,680.8636363636364,144.3181818181818,4.0,0.0,1.0,1.0,0.22727272727272727,0.0,0.22727272727272727,,0.22727272727272727,,,
"mmmu:subject=Finance,question_type=multiple-choice,model=cemoss17_vision-grpo-qwen-2.5-vl-7b",mmmu:subject=Finance,cemoss17_vision-grpo-qwen-2.5-vl-7b,1.0,0.0,,,,0.45454545454545453,,0.0,0.0,1.0,0.0,0.4342614303935658,0.0,0.0,1.0,1.0,1.0,22.0,1.0,1.0,144.3181818181818,4.0,0.0,1.0,1.0,0.45454545454545453,0.0,0.45454545454545453,,0.45454545454545453,,,
"mmmu:subject=Finance,question_type=multiple-choice,model=lmms-lab_LLaVA-Critic-R1-7B",mmmu:subject=Finance,lmms-lab_LLaVA-Critic-R1-7B,1.0,0.0,,,,0.36363636363636365,,0.0,0.0,1.0,0.0,0.4258057420903986,0.0,0.0,1.0,1.0,1.0,22.0,1.0,1.0,144.3181818181818,4.0,0.0,1.0,1.0,0.36363636363636365,0.0,0.36363636363636365,,0.36363636363636365,,,
"mmmu:subject=Finance,question_type=multiple-choice,model=lmms-lab_LLaVA-Critic-R1-7B-Plus-Qwen",mmmu:subject=Finance,lmms-lab_LLaVA-Critic-R1-7B-Plus-Qwen,1.0,0.0,,,,0.4090909090909091,,0.0,0.0,1.0,0.0,0.4218432144685225,0.0,0.0,1.0,1.0,1.0,22.0,1.0,1.0,144.3181818181818,4.0,0.0,1.0,1.0,0.4090909090909091,0.0,0.4090909090909091,,0.4090909090909091,,,
"mmmu:subject=Finance,question_type=multiple-choice,model=lmms-lab_Qwen2-VL-2B-GRPO-8k",mmmu:subject=Finance,lmms-lab_Qwen2-VL-2B-GRPO-8k,1.0,0.0,,,,0.22727272727272727,,0.0,0.0,1.0,0.0,0.26128712567416107,0.0,0.0,1.0,1.0,1.0,22.0,1.0,1.0,144.3181818181818,4.0,0.0,1.0,1.0,0.22727272727272727,0.0,0.22727272727272727,,0.22727272727272727,,,
"mmmu:subject=Finance,question_type=multiple-choice,model=lmms-lab_Qwen2-VL-7B-GRPO-8k",mmmu:subject=Finance,lmms-lab_Qwen2-VL-7B-GRPO-8k,1.0,0.0,,,,0.4090909090909091,,0.0,0.0,1.0,0.0,0.4266982945528897,0.0,0.0,1.0,1.0,1.0,22.0,1.0,1.0,144.3181818181818,4.0,0.0,1.0,1.0,0.4090909090909091,0.0,0.4090909090909091,,0.4090909090909091,,,
"mmmu:subject=History,question_type=multiple-choice,model=Fancy-MLLM_R1-Onevision-7B",mmmu:subject=History,Fancy-MLLM_R1-Onevision-7B,1.0,0.0,,,,0.6,,0.0,0.03333333333333333,0.9666666666666667,0.0,18.67681807676951,0.0,0.0,1.0,26.0,5.133333333333334,30.0,5.133333333333334,5.133333333333334,104.6,4.033333333333333,0.0,1.0,1.0,0.6,0.0,0.6,,0.6,,,
"mmmu:subject=History,question_type=multiple-choice,model=FanqingM_MM-Eureka-Qwen-7B",mmmu:subject=History,FanqingM_MM-Eureka-Qwen-7B,1.0,0.0,,,,0.7666666666666667,,0.0,0.0,1.0,0.0,0.7305370887120565,0.0,0.0,1.0,1.0,1.0,30.0,1.0,1.0,104.6,4.033333333333333,0.0,1.0,1.0,0.7666666666666667,0.0,0.7666666666666667,,0.7666666666666667,,,
"mmmu:subject=History,question_type=multiple-choice,model=Foreshhh_Qwen2-VL-7B-SafeRLHF",mmmu:subject=History,Foreshhh_Qwen2-VL-7B-SafeRLHF,1.0,0.0,,,,0.7333333333333333,,0.0,0.0,1.0,0.0,1.0987906773885092,0.0,0.0,1.0,1.0,1.0,30.0,1.0,1.0,104.6,4.033333333333333,0.0,1.0,1.0,0.7333333333333333,0.0,0.7333333333333333,,0.7333333333333333,,,
"mmmu:subject=History,question_type=multiple-choice,model=Foreshhh_Qwen2-VL-7B-VLGuard",mmmu:subject=History,Foreshhh_Qwen2-VL-7B-VLGuard,1.0,0.0,,,,0.6333333333333333,,0.0,0.0,1.0,0.0,1.0904472748438516,0.0,0.0,1.0,1.0,1.0,30.0,1.0,1.0,104.6,4.033333333333333,0.0,1.0,1.0,0.6333333333333333,0.0,0.6333333333333333,,0.6333333333333333,,,
"mmmu:subject=History,question_type=multiple-choice,model=Osilly_Vision-R1-7B",mmmu:subject=History,Osilly_Vision-R1-7B,1.0,0.0,,,,0.6333333333333333,,0.0,0.1,0.9,0.0,21.619003295898438,0.0,0.0,1.0,0.9,0.9,30.0,0.9,0.9,104.6,4.033333333333333,0.0,1.0,1.0,0.6333333333333333,0.0,0.6333333333333333,,0.6333333333333333,,,
"mmmu:subject=History,question_type=multiple-choice,model=Qwen_Qwen2-VL-2B-Instruct",mmmu:subject=History,Qwen_Qwen2-VL-2B-Instruct,1.0,0.0,,,,0.5,,0.0,0.0,1.0,0.0,0.727780262629191,0.0,0.0,1.0,1.0333333333333334,1.0333333333333334,30.0,1.0333333333333334,1.0333333333333334,104.6,4.033333333333333,0.0,1.0,1.0,0.5,0.0,0.5,,0.5,,,
"mmmu:subject=History,question_type=multiple-choice,model=Qwen_Qwen2-VL-7B-Instruct",mmmu:subject=History,Qwen_Qwen2-VL-7B-Instruct,1.0,0.0,,,,0.7,,0.0,0.0,1.0,0.0,1.1118666330973308,0.0,0.0,1.0,1.0,1.0,30.0,1.0,1.0,104.6,4.033333333333333,0.0,1.0,1.0,0.7,0.0,0.7,,0.7,,,
"mmmu:subject=History,question_type=multiple-choice,model=Qwen_Qwen2.5-VL-7B-Instruct",mmmu:subject=History,Qwen_Qwen2.5-VL-7B-Instruct,1.0,0.0,,,,0.7666666666666667,,0.0,0.0,1.0,0.0,1.023183250427246,0.0,0.0,1.0,1.0,1.0,30.0,1.0,1.0,104.6,4.033333333333333,0.0,1.0,1.0,0.7666666666666667,0.0,0.7666666666666667,,0.7666666666666667,,,
"mmmu:subject=History,question_type=multiple-choice,model=WaltonFuture_Qwen2.5VL-7b-RLCS",mmmu:subject=History,WaltonFuture_Qwen2.5VL-7b-RLCS,1.0,0.0,,,,0.13333333333333333,,0.0,0.0,1.0,0.0,18.559954889615376,0.0,0.0,1.0,3002.8,542.0666666666667,30.0,542.0666666666667,542.0666666666667,104.6,4.033333333333333,0.0,1.0,1.0,0.13333333333333333,0.0,0.13333333333333333,,0.13333333333333333,,,
"mmmu:subject=History,question_type=multiple-choice,model=cemoss17_vision-grpo-qwen-2.5-vl-7b",mmmu:subject=History,cemoss17_vision-grpo-qwen-2.5-vl-7b,1.0,0.0,,,,0.7333333333333333,,0.0,0.0,1.0,0.0,1.0317603747049968,0.0,0.0,1.0,1.0,1.0,30.0,1.0,1.0,104.6,4.033333333333333,0.0,1.0,1.0,0.7333333333333333,0.0,0.7333333333333333,,0.7333333333333333,,,
"mmmu:subject=History,question_type=multiple-choice,model=lmms-lab_LLaVA-Critic-R1-7B",mmmu:subject=History,lmms-lab_LLaVA-Critic-R1-7B,1.0,0.0,,,,0.7333333333333333,,0.0,0.0,1.0,0.0,1.0271341959635416,0.0,0.0,1.0,1.0,1.0,30.0,1.0,1.0,104.6,4.033333333333333,0.0,1.0,1.0,0.7333333333333333,0.0,0.7333333333333333,,0.7333333333333333,,,
"mmmu:subject=History,question_type=multiple-choice,model=lmms-lab_LLaVA-Critic-R1-7B-Plus-Qwen",mmmu:subject=History,lmms-lab_LLaVA-Critic-R1-7B-Plus-Qwen,1.0,0.0,,,,0.7666666666666667,,0.0,0.0,1.0,0.0,1.0279778957366943,0.0,0.0,1.0,1.0,1.0,30.0,1.0,1.0,104.6,4.033333333333333,0.0,1.0,1.0,0.7666666666666667,0.0,0.7666666666666667,,0.7666666666666667,,,
"mmmu:subject=History,question_type=multiple-choice,model=lmms-lab_Qwen2-VL-2B-GRPO-8k",mmmu:subject=History,lmms-lab_Qwen2-VL-2B-GRPO-8k,1.0,0.0,,,,0.5,,0.0,0.0,1.0,0.0,0.7711626450220744,0.0,0.0,1.0,1.0333333333333334,1.0333333333333334,30.0,1.0333333333333334,1.0333333333333334,104.6,4.033333333333333,0.0,1.0,1.0,0.5,0.0,0.5,,0.5,,,
"mmmu:subject=History,question_type=multiple-choice,model=lmms-lab_Qwen2-VL-7B-GRPO-8k",mmmu:subject=History,lmms-lab_Qwen2-VL-7B-GRPO-8k,1.0,0.0,,,,0.7,,0.0,0.0,1.0,0.0,1.1353969732920328,0.0,0.0,1.0,1.0,1.0,30.0,1.0,1.0,104.6,4.033333333333333,0.0,1.0,1.0,0.7,0.0,0.7,,0.7,,,
"mmmu:subject=Math,question_type=multiple-choice,model=Fancy-MLLM_R1-Onevision-7B",mmmu:subject=Math,Fancy-MLLM_R1-Onevision-7B,1.0,0.0,,,,0.3793103448275862,,0.0,0.06896551724137931,0.9310344827586207,0.0,30.668785070550854,0.0,0.0,1.0,20.310344827586206,4.620689655172414,29.0,4.620689655172414,4.620689655172414,134.79310344827587,3.8275862068965516,0.0,1.0,1.0,0.3793103448275862,0.0,0.41379310344827586,,0.41379310344827586,,,
"mmmu:subject=Math,question_type=multiple-choice,model=FanqingM_MM-Eureka-Qwen-7B",mmmu:subject=Math,FanqingM_MM-Eureka-Qwen-7B,1.0,0.0,,,,0.5517241379310345,,0.0,0.0,1.0,0.0,0.4586386762816331,0.0,0.0,1.0,1.0,1.0,29.0,1.0,1.0,134.79310344827587,3.8275862068965516,0.0,1.0,1.0,0.5517241379310345,0.0,0.5517241379310345,,0.5517241379310345,,,
"mmmu:subject=Math,question_type=multiple-choice,model=Foreshhh_Qwen2-VL-7B-SafeRLHF",mmmu:subject=Math,Foreshhh_Qwen2-VL-7B-SafeRLHF,1.0,0.0,,,,0.4827586206896552,,0.0,0.0,1.0,0.0,0.5433969744320574,0.0,0.0,1.0,1.0,1.0,29.0,1.0,1.0,134.79310344827587,3.8275862068965516,0.0,1.0,1.0,0.4827586206896552,0.0,0.5517241379310345,,0.5862068965517241,,,
"mmmu:subject=Math,question_type=multiple-choice,model=Foreshhh_Qwen2-VL-7B-VLGuard",mmmu:subject=Math,Foreshhh_Qwen2-VL-7B-VLGuard,1.0,0.0,,,,0.4827586206896552,,0.0,0.0,1.0,0.0,0.5531735091373838,0.0,0.0,1.0,1.0344827586206897,1.0344827586206897,29.0,1.0344827586206897,1.0344827586206897,134.79310344827587,3.8275862068965516,0.0,1.0,1.0,0.4827586206896552,0.0,0.5172413793103449,,0.5517241379310345,,,
"mmmu:subject=Math,question_type=multiple-choice,model=Osilly_Vision-R1-7B",mmmu:subject=Math,Osilly_Vision-R1-7B,1.0,0.0,,,,0.3793103448275862,,0.0,0.2413793103448276,0.7586206896551724,0.0,48.55637847966161,0.0,0.0,1.0,0.7586206896551724,0.7586206896551724,29.0,0.7586206896551724,0.7586206896551724,134.79310344827587,3.8275862068965516,0.0,1.0,1.0,0.3793103448275862,0.0,0.41379310344827586,,0.41379310344827586,,,
"mmmu:subject=Math,question_type=multiple-choice,model=Qwen_Qwen2-VL-2B-Instruct",mmmu:subject=Math,Qwen_Qwen2-VL-2B-Instruct,1.0,0.0,,,,0.2413793103448276,,0.0,0.0,1.0,0.0,0.4135937115241741,0.0,0.0,1.0,2.3793103448275863,1.793103448275862,29.0,1.793103448275862,1.793103448275862,134.79310344827587,3.8275862068965516,0.0,1.0,1.0,0.2413793103448276,0.0,0.27586206896551724,,0.3103448275862069,,,
"mmmu:subject=Math,question_type=multiple-choice,model=Qwen_Qwen2-VL-7B-Instruct",mmmu:subject=Math,Qwen_Qwen2-VL-7B-Instruct,1.0,0.0,,,,0.5172413793103449,,0.0,0.0,1.0,0.0,0.5573834386365167,0.0,0.0,1.0,1.0,1.0,29.0,1.0,1.0,134.79310344827587,3.8275862068965516,0.0,1.0,1.0,0.5172413793103449,0.0,0.5862068965517241,,0.6206896551724138,,,
"mmmu:subject=Math,question_type=multiple-choice,model=Qwen_Qwen2.5-VL-7B-Instruct",mmmu:subject=Math,Qwen_Qwen2.5-VL-7B-Instruct,1.0,0.0,,,,0.4482758620689655,,0.0,0.0,1.0,0.0,0.5264641169844002,0.0,0.0,1.0,1.0,1.0,29.0,1.0,1.0,134.79310344827587,3.8275862068965516,0.0,1.0,1.0,0.4482758620689655,0.0,0.4827586206896552,,0.4827586206896552,,,
"mmmu:subject=Math,question_type=multiple-choice,model=WaltonFuture_Qwen2.5VL-7b-RLCS",mmmu:subject=Math,WaltonFuture_Qwen2.5VL-7b-RLCS,1.0,0.0,,,,0.13793103448275862,,0.0,0.3448275862068966,0.6551724137931034,0.0,24.795621066257873,0.0,0.0,1.0,2707.4137931034484,757.2758620689655,29.0,757.2758620689655,757.2758620689655,134.79310344827587,3.8275862068965516,0.0,1.0,1.0,0.13793103448275862,0.0,0.13793103448275862,,0.1724137931034483,,,
"mmmu:subject=Math,question_type=multiple-choice,model=cemoss17_vision-grpo-qwen-2.5-vl-7b",mmmu:subject=Math,cemoss17_vision-grpo-qwen-2.5-vl-7b,1.0,0.0,,,,0.41379310344827586,,0.0,0.0,1.0,0.0,0.5328791634789829,0.0,0.0,1.0,1.0,1.0,29.0,1.0,1.0,134.79310344827587,3.8275862068965516,0.0,1.0,1.0,0.41379310344827586,0.0,0.4827586206896552,,0.4827586206896552,,,
"mmmu:subject=Math,question_type=multiple-choice,model=lmms-lab_LLaVA-Critic-R1-7B",mmmu:subject=Math,lmms-lab_LLaVA-Critic-R1-7B,1.0,0.0,,,,0.4827586206896552,,0.0,0.0,1.0,0.0,0.5339527952259985,0.0,0.0,1.0,1.0,1.0,29.0,1.0,1.0,134.79310344827587,3.8275862068965516,0.0,1.0,1.0,0.4827586206896552,0.0,0.4827586206896552,,0.4827586206896552,,,
"mmmu:subject=Math,question_type=multiple-choice,model=lmms-lab_LLaVA-Critic-R1-7B-Plus-Qwen",mmmu:subject=Math,lmms-lab_LLaVA-Critic-R1-7B-Plus-Qwen,1.0,0.0,,,,0.5172413793103449,,0.0,0.0,1.0,0.0,0.5382236283400963,0.0,0.0,1.0,1.0,1.0,29.0,1.0,1.0,134.79310344827587,3.8275862068965516,0.0,1.0,1.0,0.5172413793103449,0.0,0.5172413793103449,,0.5172413793103449,,,
"mmmu:subject=Math,question_type=multiple-choice,model=lmms-lab_Qwen2-VL-2B-GRPO-8k",mmmu:subject=Math,lmms-lab_Qwen2-VL-2B-GRPO-8k,1.0,0.0,,,,0.2413793103448276,,0.0,0.0,1.0,0.0,0.4126339616446659,0.0,0.0,1.0,2.3793103448275863,1.793103448275862,29.0,1.793103448275862,1.793103448275862,134.79310344827587,3.8275862068965516,0.0,1.0,1.0,0.2413793103448276,0.0,0.27586206896551724,,0.3103448275862069,,,
"mmmu:subject=Math,question_type=multiple-choice,model=lmms-lab_Qwen2-VL-7B-GRPO-8k",mmmu:subject=Math,lmms-lab_Qwen2-VL-7B-GRPO-8k,1.0,0.0,,,,0.4827586206896552,,0.0,0.0,1.0,0.0,0.5743368987379402,0.0,0.0,1.0,1.0,1.0,29.0,1.0,1.0,134.79310344827587,3.8275862068965516,0.0,1.0,1.0,0.4827586206896552,0.0,0.5517241379310345,,0.5862068965517241,,,
"mmmu:subject=Physics,question_type=multiple-choice,model=Fancy-MLLM_R1-Onevision-7B",mmmu:subject=Physics,Fancy-MLLM_R1-Onevision-7B,1.0,0.0,,,,0.3793103448275862,,0.0,0.10344827586206896,0.896551724137931,0.0,29.144660563304505,0.0,0.0,1.0,82.55172413793103,17.75862068965517,29.0,17.75862068965517,17.75862068965517,108.62068965517241,4.103448275862069,0.0,1.0,1.0,0.3793103448275862,0.0,0.3793103448275862,,0.41379310344827586,,,
"mmmu:subject=Physics,question_type=multiple-choice,model=FanqingM_MM-Eureka-Qwen-7B",mmmu:subject=Physics,FanqingM_MM-Eureka-Qwen-7B,1.0,0.0,,,,0.41379310344827586,,0.0,0.0,1.0,0.0,0.40530778621805125,0.0,0.0,1.0,1.0,1.0,29.0,1.0,1.0,108.62068965517241,4.103448275862069,0.0,1.0,1.0,0.41379310344827586,0.0,0.41379310344827586,,0.4827586206896552,,,
"mmmu:subject=Physics,question_type=multiple-choice,model=Foreshhh_Qwen2-VL-7B-SafeRLHF",mmmu:subject=Physics,Foreshhh_Qwen2-VL-7B-SafeRLHF,1.0,0.0,,,,0.4827586206896552,,0.0,0.0,1.0,0.0,0.40503377750002106,0.0,0.0,1.0,1.0,1.0,29.0,1.0,1.0,108.62068965517241,4.103448275862069,0.0,1.0,1.0,0.4827586206896552,0.0,0.4827586206896552,,0.4827586206896552,,,
"mmmu:subject=Physics,question_type=multiple-choice,model=Foreshhh_Qwen2-VL-7B-VLGuard",mmmu:subject=Physics,Foreshhh_Qwen2-VL-7B-VLGuard,1.0,0.0,,,,0.5172413793103449,,0.0,0.0,1.0,0.0,0.41272626252009953,0.0,0.0,1.0,1.0,1.0,29.0,1.0,1.0,108.62068965517241,4.103448275862069,0.0,1.0,1.0,0.5172413793103449,0.0,0.5172413793103449,,0.5517241379310345,,,
"mmmu:subject=Physics,question_type=multiple-choice,model=Osilly_Vision-R1-7B",mmmu:subject=Physics,Osilly_Vision-R1-7B,1.0,0.0,,,,0.3793103448275862,,0.0,0.27586206896551724,0.7241379310344828,0.0,53.75291214318111,0.0,0.0,1.0,0.7241379310344828,0.7241379310344828,29.0,0.7241379310344828,0.7241379310344828,108.62068965517241,4.103448275862069,0.0,1.0,1.0,0.3793103448275862,0.0,0.3793103448275862,,0.4482758620689655,,,
"mmmu:subject=Physics,question_type=multiple-choice,model=Qwen_Qwen2-VL-2B-Instruct",mmmu:subject=Physics,Qwen_Qwen2-VL-2B-Instruct,1.0,0.0,,,,0.1724137931034483,,0.0,0.0,1.0,0.0,0.27395103717672414,0.0,0.0,1.0,1.0344827586206897,1.0344827586206897,29.0,1.0344827586206897,1.0344827586206897,108.62068965517241,4.103448275862069,0.0,1.0,1.0,0.1724137931034483,0.0,0.1724137931034483,,0.2413793103448276,,,
"mmmu:subject=Physics,question_type=multiple-choice,model=Qwen_Qwen2-VL-7B-Instruct",mmmu:subject=Physics,Qwen_Qwen2-VL-7B-Instruct,1.0,0.0,,,,0.4827586206896552,,0.0,0.0,1.0,0.0,0.4194150053221604,0.0,0.0,1.0,1.0,1.0,29.0,1.0,1.0,108.62068965517241,4.103448275862069,0.0,1.0,1.0,0.4827586206896552,0.0,0.4827586206896552,,0.5172413793103449,,,
"mmmu:subject=Physics,question_type=multiple-choice,model=Qwen_Qwen2.5-VL-7B-Instruct",mmmu:subject=Physics,Qwen_Qwen2.5-VL-7B-Instruct,1.0,0.0,,,,0.41379310344827586,,0.0,0.0,1.0,0.0,0.4018253129104088,0.0,0.0,1.0,1.0,1.0,29.0,1.0,1.0,108.62068965517241,4.103448275862069,0.0,1.0,1.0,0.41379310344827586,0.0,0.41379310344827586,,0.4827586206896552,,,
"mmmu:subject=Physics,question_type=multiple-choice,model=WaltonFuture_Qwen2.5VL-7b-RLCS",mmmu:subject=Physics,WaltonFuture_Qwen2.5VL-7b-RLCS,1.0,0.0,,,,0.2413793103448276,,0.0,0.0,1.0,0.0,19.3816250192708,0.0,0.0,1.0,2664.448275862069,594.5862068965517,29.0,594.5862068965517,594.5862068965517,108.62068965517241,4.103448275862069,0.0,1.0,1.0,0.2413793103448276,0.0,0.2413793103448276,,0.27586206896551724,,,
"mmmu:subject=Physics,question_type=multiple-choice,model=cemoss17_vision-grpo-qwen-2.5-vl-7b",mmmu:subject=Physics,cemoss17_vision-grpo-qwen-2.5-vl-7b,1.0,0.0,,,,0.4482758620689655,,0.0,0.0,1.0,0.0,0.4139302845658927,0.0,0.0,1.0,1.0,1.0,29.0,1.0,1.0,108.62068965517241,4.103448275862069,0.0,1.0,1.0,0.4482758620689655,0.0,0.4482758620689655,,0.5172413793103449,,,
"mmmu:subject=Physics,question_type=multiple-choice,model=lmms-lab_LLaVA-Critic-R1-7B",mmmu:subject=Physics,lmms-lab_LLaVA-Critic-R1-7B,1.0,0.0,,,,0.4482758620689655,,0.0,0.0,1.0,0.0,0.4105603941555681,0.0,0.0,1.0,1.0,1.0,29.0,1.0,1.0,108.62068965517241,4.103448275862069,0.0,1.0,1.0,0.4482758620689655,0.0,0.4482758620689655,,0.5172413793103449,,,
"mmmu:subject=Physics,question_type=multiple-choice,model=lmms-lab_LLaVA-Critic-R1-7B-Plus-Qwen",mmmu:subject=Physics,lmms-lab_LLaVA-Critic-R1-7B-Plus-Qwen,1.0,0.0,,,,0.41379310344827586,,0.0,0.0,1.0,0.0,0.4038602976963438,0.0,0.0,1.0,1.0,1.0,29.0,1.0,1.0,108.62068965517241,4.103448275862069,0.0,1.0,1.0,0.41379310344827586,0.0,0.41379310344827586,,0.4827586206896552,,,
"mmmu:subject=Physics,question_type=multiple-choice,model=lmms-lab_Qwen2-VL-2B-GRPO-8k",mmmu:subject=Physics,lmms-lab_Qwen2-VL-2B-GRPO-8k,1.0,0.0,,,,0.1724137931034483,,0.0,0.0,1.0,0.0,0.2903517361344962,0.0,0.0,1.0,2.2413793103448274,1.2413793103448276,29.0,1.2413793103448276,1.2413793103448276,108.62068965517241,4.103448275862069,0.0,1.0,1.0,0.1724137931034483,0.0,0.1724137931034483,,0.2413793103448276,,,
"mmmu:subject=Physics,question_type=multiple-choice,model=lmms-lab_Qwen2-VL-7B-GRPO-8k",mmmu:subject=Physics,lmms-lab_Qwen2-VL-7B-GRPO-8k,1.0,0.0,,,,0.4827586206896552,,0.0,0.0,1.0,0.0,0.4161157936885439,0.0,0.0,1.0,1.0,1.0,29.0,1.0,1.0,108.62068965517241,4.103448275862069,0.0,1.0,1.0,0.4827586206896552,0.0,0.4827586206896552,,0.5172413793103449,,,
"mmmu:subject=Psychology,question_type=multiple-choice,model=Fancy-MLLM_R1-Onevision-7B",mmmu:subject=Psychology,Fancy-MLLM_R1-Onevision-7B,1.0,0.0,,,,0.5172413793103449,,0.0,0.0,1.0,0.0,14.403100687881995,0.0,0.0,1.0,42.310344827586206,8.827586206896552,29.0,8.827586206896552,8.827586206896552,222.10344827586206,4.448275862068965,0.0,1.0,1.0,0.5172413793103449,0.0,0.5172413793103449,,0.5862068965517241,,,
"mmmu:subject=Psychology,question_type=multiple-choice,model=FanqingM_MM-Eureka-Qwen-7B",mmmu:subject=Psychology,FanqingM_MM-Eureka-Qwen-7B,1.0,0.0,,,,0.6206896551724138,,0.0,0.0,1.0,0.0,0.8068054380088017,0.0,0.0,1.0,1.0,1.0,29.0,1.0,1.0,222.10344827586206,4.448275862068965,0.0,1.0,1.0,0.6206896551724138,0.0,0.6206896551724138,,0.6896551724137931,,,
"mmmu:subject=Psychology,question_type=multiple-choice,model=Foreshhh_Qwen2-VL-7B-SafeRLHF",mmmu:subject=Psychology,Foreshhh_Qwen2-VL-7B-SafeRLHF,1.0,0.0,,,,0.6206896551724138,,0.0,0.0,1.0,0.0,1.0580046259123703,0.0,0.0,1.0,1.0,1.0,29.0,1.0,1.0,222.10344827586206,4.448275862068965,0.0,1.0,1.0,0.6206896551724138,0.0,0.6206896551724138,,0.6896551724137931,,,
"mmmu:subject=Psychology,question_type=multiple-choice,model=Foreshhh_Qwen2-VL-7B-VLGuard",mmmu:subject=Psychology,Foreshhh_Qwen2-VL-7B-VLGuard,1.0,0.0,,,,0.5517241379310345,,0.0,0.0,1.0,0.0,1.0623706373675117,0.0,0.0,1.0,1.0,1.0,29.0,1.0,1.0,222.10344827586206,4.448275862068965,0.0,1.0,1.0,0.5517241379310345,0.0,0.5517241379310345,,0.6206896551724138,,,
"mmmu:subject=Psychology,question_type=multiple-choice,model=Osilly_Vision-R1-7B",mmmu:subject=Psychology,Osilly_Vision-R1-7B,1.0,0.0,,,,0.5172413793103449,,0.0,0.13793103448275862,0.8620689655172413,0.0,29.671855277028577,0.0,0.0,1.0,0.8620689655172413,0.8620689655172413,29.0,0.8620689655172413,0.8620689655172413,222.10344827586206,4.448275862068965,0.0,1.0,1.0,0.5172413793103449,0.0,0.5172413793103449,,0.5517241379310345,,,
"mmmu:subject=Psychology,question_type=multiple-choice,model=Qwen_Qwen2-VL-2B-Instruct",mmmu:subject=Psychology,Qwen_Qwen2-VL-2B-Instruct,1.0,0.0,,,,0.5172413793103449,,0.0,0.0,1.0,0.0,0.6833741582673172,0.0,0.0,1.0,1.0,1.0,29.0,1.0,1.0,222.10344827586206,4.448275862068965,0.0,1.0,1.0,0.5172413793103449,0.0,0.5172413793103449,,0.5862068965517241,,,
"mmmu:subject=Psychology,question_type=multiple-choice,model=Qwen_Qwen2-VL-7B-Instruct",mmmu:subject=Psychology,Qwen_Qwen2-VL-7B-Instruct,1.0,0.0,,,,0.5862068965517241,,0.0,0.0,1.0,0.0,1.118114997600687,0.0,0.0,1.0,1.0,1.0,29.0,1.0,1.0,222.10344827586206,4.448275862068965,0.0,1.0,1.0,0.5862068965517241,0.0,0.5862068965517241,,0.6551724137931034,,,
"mmmu:subject=Psychology,question_type=multiple-choice,model=Qwen_Qwen2.5-VL-7B-Instruct",mmmu:subject=Psychology,Qwen_Qwen2.5-VL-7B-Instruct,1.0,0.0,,,,0.6551724137931034,,0.0,0.0,1.0,0.0,1.01007159002896,0.0,0.0,1.0,1.0,1.0,29.0,1.0,1.0,222.10344827586206,4.448275862068965,0.0,1.0,1.0,0.6551724137931034,0.0,0.6551724137931034,,0.7241379310344828,,,
"mmmu:subject=Psychology,question_type=multiple-choice,model=WaltonFuture_Qwen2.5VL-7b-RLCS",mmmu:subject=Psychology,WaltonFuture_Qwen2.5VL-7b-RLCS,1.0,0.0,,,,0.20689655172413793,,0.0,0.0,1.0,0.0,17.247308739300433,0.0,0.0,1.0,2794.9655172413795,500.41379310344826,29.0,500.41379310344826,500.41379310344826,222.10344827586206,4.448275862068965,0.0,1.0,1.0,0.20689655172413793,0.0,0.20689655172413793,,0.2413793103448276,,,
"mmmu:subject=Psychology,question_type=multiple-choice,model=cemoss17_vision-grpo-qwen-2.5-vl-7b",mmmu:subject=Psychology,cemoss17_vision-grpo-qwen-2.5-vl-7b,1.0,0.0,,,,0.6206896551724138,,0.0,0.0,1.0,0.0,1.0224971771240234,0.0,0.0,1.0,1.0,1.0,29.0,1.0,1.0,222.10344827586206,4.448275862068965,0.0,1.0,1.0,0.6206896551724138,0.0,0.6206896551724138,,0.6896551724137931,,,
"mmmu:subject=Psychology,question_type=multiple-choice,model=lmms-lab_LLaVA-Critic-R1-7B",mmmu:subject=Psychology,lmms-lab_LLaVA-Critic-R1-7B,1.0,0.0,,,,0.6206896551724138,,0.0,0.0,1.0,0.0,1.0337365742387443,0.0,0.0,1.0,1.0,1.0,29.0,1.0,1.0,222.10344827586206,4.448275862068965,0.0,1.0,1.0,0.6206896551724138,0.0,0.6206896551724138,,0.6896551724137931,,,
"mmmu:subject=Psychology,question_type=multiple-choice,model=lmms-lab_LLaVA-Critic-R1-7B-Plus-Qwen",mmmu:subject=Psychology,lmms-lab_LLaVA-Critic-R1-7B-Plus-Qwen,1.0,0.0,,,,0.6551724137931034,,0.0,0.0,1.0,0.0,1.0085104909436455,0.0,0.0,1.0,1.0,1.0,29.0,1.0,1.0,222.10344827586206,4.448275862068965,0.0,1.0,1.0,0.6551724137931034,0.0,0.6551724137931034,,0.7241379310344828,,,
"mmmu:subject=Psychology,question_type=multiple-choice,model=lmms-lab_Qwen2-VL-2B-GRPO-8k",mmmu:subject=Psychology,lmms-lab_Qwen2-VL-2B-GRPO-8k,1.0,0.0,,,,0.4827586206896552,,0.0,0.0,1.0,0.0,1.5900871753692627,0.0,0.0,1.0,1.0,1.0,29.0,1.0,1.0,222.10344827586206,4.448275862068965,0.0,1.0,1.0,0.4827586206896552,0.0,0.4827586206896552,,0.5517241379310345,,,
"mmmu:subject=Psychology,question_type=multiple-choice,model=lmms-lab_Qwen2-VL-7B-GRPO-8k",mmmu:subject=Psychology,lmms-lab_Qwen2-VL-7B-GRPO-8k,1.0,0.0,,,,0.5862068965517241,,0.0,0.0,1.0,0.0,1.1041675847152184,0.0,0.0,1.0,1.0,1.0,29.0,1.0,1.0,222.10344827586206,4.448275862068965,0.0,1.0,1.0,0.5862068965517241,0.0,0.5862068965517241,,0.6551724137931034,,,
vqa:model=Fancy-MLLM_R1-Onevision-7B,vqa,Fancy-MLLM_R1-Onevision-7B,1.0,0.0,0.16031254557901012,8.5534221600358e-309,0.0,0.119,0.3941639217507265,0.0,0.005,0.995,0.0,10.143888929367066,0.0,0.0,1.0,41.018,8.183,1000.0,8.183,8.183,46.36,10.0,0.0,1.0,1.0,0.123,0.0,0.264,0.259,0.403,0.37853705167437585,,
vqa:model=FanqingM_MM-Eureka-Qwen-7B,vqa,FanqingM_MM-Eureka-Qwen-7B,1.0,0.0,0.27887547407659885,0.0005,0.0,0.261,0.6688767080745341,0.0,0.0,1.0,0.0,0.661666228055954,0.0,0.0,1.0,3.952,1.413,1000.0,1.413,1.413,46.36,10.0,0.0,1.0,1.0,0.265,0.0,0.653,0.653,0.665,0.6729446532999164,,
vqa:model=Foreshhh_Qwen2-VL-7B-SafeRLHF,vqa,Foreshhh_Qwen2-VL-7B-SafeRLHF,1.0,0.0,0.1549659999036188,3.95705798764843e-309,0.0,0.13,0.805564957264957,0.0,0.0,1.0,0.0,0.6873824605941773,0.0,0.0,1.0,4.552,1.447,1000.0,1.447,1.447,46.36,10.0,0.0,1.0,1.0,0.131,0.0,0.786,0.784,0.803,0.8106998778998777,,
vqa:model=Foreshhh_Qwen2-VL-7B-VLGuard,vqa,Foreshhh_Qwen2-VL-7B-VLGuard,1.0,0.0,0.14085864132489054,7.492619343137013e-309,0.0,0.101,0.6797445023583712,0.0,0.0,1.0,0.0,0.9393560681343078,0.0,0.0,1.0,47.627,8.694,1000.0,8.694,8.694,46.36,10.0,0.0,1.0,1.0,0.101,0.0,0.595,0.584,0.678,0.6651431753282904,,
vqa:model=Osilly_Vision-R1-7B,vqa,Osilly_Vision-R1-7B,1.0,0.0,0.11685976988326101,2.85055049243049e-309,0.0,0.105,0.6805,0.0,0.147,0.853,0.0,25.301379449605943,0.0,0.0,1.0,3.561,1.202,1000.0,1.202,1.202,46.36,10.0,0.0,1.0,1.0,0.108,0.0,0.668,0.668,0.673,0.6854166666666667,,
vqa:model=Qwen_Qwen2-VL-2B-Instruct,vqa,Qwen_Qwen2-VL-2B-Instruct,1.0,0.0,0.8036761528006611,1.811367004124576e-308,0.0,0.788,0.8647047619047615,0.0,0.0,1.0,0.0,0.4231788709163666,0.0,0.0,1.0,4.469,1.369,1000.0,1.369,1.369,46.36,10.0,0.0,1.0,1.0,0.79,0.0,0.844,0.844,0.848,0.8738714285714283,,
vqa:model=Qwen_Qwen2-VL-7B-Instruct,vqa,Qwen_Qwen2-VL-7B-Instruct,1.0,0.0,0.5142887346078148,1.1620813630980563e-308,0.0,0.502,0.8084467032967031,0.0,0.0,1.0,0.0,0.6660092334747314,0.0,0.0,1.0,3.963,1.32,1000.0,1.32,1.32,46.36,10.0,0.0,1.0,1.0,0.505,0.0,0.793,0.793,0.799,0.8135166666666664,,
vqa:model=Qwen_Qwen2.5-VL-7B-Instruct,vqa,Qwen_Qwen2.5-VL-7B-Instruct,1.0,0.0,0.3186131989094765,7.275518510942855e-309,0.0,0.307,0.7348528985507246,0.0,0.0,1.0,0.0,0.6522638161182404,0.0,0.0,1.0,3.821,1.34,1000.0,1.34,1.34,46.36,10.0,0.0,1.0,1.0,0.31,0.0,0.723,0.722,0.728,0.7379833333333331,,
vqa:model=WaltonFuture_Qwen2.5VL-7b-RLCS,vqa,WaltonFuture_Qwen2.5VL-7b-RLCS,1.0,0.0,0.15042357247207594,4.854368932038834e-06,0.0,0.136,0.5389607688708726,0.0,0.001,0.999,0.0,1.6231040902137757,0.0,0.0,1.0,221.763,43.119,1000.0,43.119,43.119,46.36,10.0,0.0,1.0,1.0,0.138,0.0,0.508,0.502,0.558,0.5424807201670753,,
vqa:model=cemoss17_vision-grpo-qwen-2.5-vl-7b,vqa,cemoss17_vision-grpo-qwen-2.5-vl-7b,1.0,0.0,0.2033994308657739,4.846518086601687e-309,0.0,0.186,0.7513285714285712,0.0,0.0,1.0,0.0,0.6563033092021943,0.0,0.0,1.0,3.846,1.346,1000.0,1.346,1.346,46.36,10.0,0.0,1.0,1.0,0.188,0.0,0.738,0.733,0.744,0.7572119047619043,,
vqa:model=lmms-lab_LLaVA-Critic-R1-7B,vqa,lmms-lab_LLaVA-Critic-R1-7B,1.0,0.0,0.36581170414594155,8.279018562110994e-309,0.0,0.355,0.7604119047619045,0.0,0.0,1.0,0.0,0.6518577013015747,0.0,0.0,1.0,3.829,1.324,1000.0,1.324,1.324,46.36,10.0,0.0,1.0,1.0,0.358,0.0,0.748,0.748,0.754,0.7645230158730155,,
vqa:model=lmms-lab_LLaVA-Critic-R1-7B-Plus-Qwen,vqa,lmms-lab_LLaVA-Critic-R1-7B-Plus-Qwen,1.0,0.0,0.4272253457463113,9.630014585909606e-309,0.0,0.417,0.8057436507936506,0.0,0.0,1.0,0.0,0.6499095206260681,0.0,0.0,1.0,3.984,1.329,1000.0,1.329,1.329,46.36,10.0,0.0,1.0,1.0,0.421,0.0,0.791,0.791,0.797,0.8107436507936505,,
vqa:model=lmms-lab_Qwen2-VL-2B-GRPO-8k,vqa,lmms-lab_Qwen2-VL-2B-GRPO-8k,1.0,0.0,0.802176152800661,1.8069168564075616e-308,0.0,0.787,0.8630936507936503,0.0,0.0,1.0,0.0,0.4306757147312164,0.0,0.0,1.0,4.486,1.374,1000.0,1.374,1.374,46.36,10.0,0.0,1.0,1.0,0.79,0.0,0.842,0.842,0.847,0.8729269841269837,,
vqa:model=lmms-lab_Qwen2-VL-7B-GRPO-8k,vqa,lmms-lab_Qwen2-VL-7B-GRPO-8k,1.0,0.0,0.4416017629509671,9.99420368502639e-309,0.0,0.43,0.7877967032967031,0.0,0.0,1.0,0.0,0.6648457987308503,0.0,0.0,1.0,3.911,1.321,1000.0,1.321,1.321,46.36,10.0,0.0,1.0,1.0,0.432,0.0,0.774,0.774,0.78,0.7911333333333331,,
